sec_code,industry_code,industry_label,market
1301,0050,水産・農林業,プライム
130A,3250,医薬品,グロース
1332,0050,水産・農林業,プライム
1333,0050,水産・農林業,プライム
135A,5250,情報・通信業,グロース
1375,0050,水産・農林業,プライム
1376,0050,水産・農林業,スタンダード
1377,0050,水産・農林業,プライム
1379,0050,水産・農林業,プライム
137A,5250,情報・通信業,グロース
1380,0050,水産・農林業,スタンダード
1381,0050,水産・農林業,スタンダード
1382,0050,水産・農林業,スタンダード
1383,0050,水産・農林業,スタンダード
1384,0050,水産・農林業,スタンダード
138A,6100,小売業,グロース
1401,2050,建設業,グロース
1407,2050,建設業,スタンダード
1414,2050,建設業,プライム
1417,2050,建設業,プライム
1418,2050,建設業,スタンダード
1419,2050,建設業,プライム
141A,6100,小売業,グロース
1420,2050,建設業,スタンダード
1429,2050,建設業,プライム
142A,9050,サービス業,グロース
1430,2050,建設業,スタンダード
1431,2050,建設業,グロース
1433,2050,建設業,プライム
1434,2050,建設業,スタンダード
1435,8050,不動産業,スタンダード
1436,2050,建設業,グロース
1438,2050,建設業,スタンダード
143A,9050,サービス業,グロース
1443,2050,建設業,スタンダード
1444,2050,建設業,グロース
1446,2050,建設業,スタンダード
1447,2050,建設業,グロース
1450,2050,建設業,スタンダード
145A,5250,情報・通信業,グロース
146A,8050,不動産業,スタンダード
147A,5250,情報・通信業,グロース
148A,5250,情報・通信業,グロース
1491,3500,非鉄金属,スタンダード
149A,5250,情報・通信業,グロース
150A,9050,サービス業,グロース
1514,1050,鉱業,スタンダード
1515,1050,鉱業,プライム
1518,3800,その他製品,プライム
151A,9050,サービス業,グロース
153A,5250,情報・通信業,グロース
155A,5250,情報・通信業,グロース
156A,9050,サービス業,グロース
157A,9050,サービス業,グロース
1605,1050,鉱業,プライム
160A,9050,サービス業,スタンダード
1662,1050,鉱業,プライム
1663,1050,鉱業,プライム
166A,8050,不動産業,プライム
167A,6050,卸売業,プライム
168A,3800,その他製品,グロース
1711,2050,建設業,スタンダード
1716,2050,建設業,スタンダード
1717,9050,サービス業,スタンダード
1718,2050,建設業,スタンダード
1719,2050,建設業,プライム
1720,2050,建設業,プライム
1721,2050,建設業,プライム
1723,2050,建設業,スタンダード
1724,2050,建設業,スタンダード
1736,2050,建設業,スタンダード
173A,5250,情報・通信業,グロース
1758,2050,建設業,スタンダード
175A,5250,情報・通信業,グロース
1762,2050,建設業,プライム
1764,2050,建設業,スタンダード
1766,2050,建設業,プライム
1768,2050,建設業,スタンダード
1770,2050,建設業,スタンダード
177A,3200,化学,グロース
1780,2050,建設業,プライム
1783,8050,不動産業,スタンダード
1786,2050,建設業,プライム
1787,2050,建設業,スタンダード
1788,2050,建設業,スタンダード
1793,2050,建設業,スタンダード
1795,2050,建設業,スタンダード
1798,2050,建設業,スタンダード
1799,2050,建設業,スタンダード
1801,2050,建設業,プライム
1802,2050,建設業,プライム
1803,2050,建設業,プライム
1807,2050,建設業,スタンダード
1808,2050,建設業,プライム
1810,2050,建設業,スタンダード
1811,2050,建設業,スタンダード
1812,2050,建設業,プライム
1813,2050,建設業,プライム
1814,2050,建設業,プライム
1815,2050,建設業,プライム
1820,2050,建設業,プライム
1822,2050,建設業,スタンダード
1826,2050,建設業,スタンダード
1827,2050,建設業,スタンダード
1828,2050,建設業,スタンダード
1833,2050,建設業,プライム
1835,2050,建設業,プライム
1840,2050,建設業,スタンダード
1844,2050,建設業,スタンダード
1847,2050,建設業,スタンダード
1848,2050,建設業,スタンダード
184A,5250,情報・通信業,グロース
1850,2050,建設業,スタンダード
1852,2050,建設業,プライム
1853,2050,建設業,スタンダード
1860,2050,建設業,プライム
1861,2050,建設業,プライム
1866,2050,建設業,スタンダード
1867,2050,建設業,スタンダード
186A,9050,サービス業,グロース
1870,2050,建設業,プライム
1871,2050,建設業,プライム
1873,2050,建設業,プライム
1878,8050,不動産業,プライム
1879,2050,建設業,プライム
1882,2050,建設業,プライム
1885,2050,建設業,プライム
1887,2050,建設業,プライム
1888,2050,建設業,プライム
1893,2050,建設業,プライム
1897,2050,建設業,スタンダード
1898,2050,建設業,プライム
1899,2050,建設業,プライム
189A,9050,サービス業,グロース
1904,2050,建設業,スタンダード
1905,2050,建設業,スタンダード
1909,3600,機械,スタンダード
190A,3250,医薬品,グロース
1911,2050,建設業,プライム
1914,2050,建設業,スタンダード
1921,2050,建設業,スタンダード
1925,2050,建設業,プライム
1926,2050,建設業,プライム
1928,2050,建設業,プライム
1929,2050,建設業,プライム
192A,9050,サービス業,グロース
1930,2050,建設業,プライム
1934,2050,建設業,プライム
1938,2050,建設業,プライム
1939,2050,建設業,プライム
1941,2050,建設業,プライム
1942,2050,建設業,プライム
1944,2050,建設業,プライム
1945,2050,建設業,プライム
1946,2050,建設業,プライム
1948,2050,建設業,スタンダード
194A,9050,サービス業,グロース
1950,2050,建設業,プライム
1951,2050,建設業,プライム
1952,2050,建設業,プライム
1959,2050,建設業,プライム
195A,9050,サービス業,グロース
1960,2050,建設業,スタンダード
1961,2050,建設業,プライム
1963,2050,建設業,プライム
1964,2050,建設業,プライム
1965,2050,建設業,スタンダード
1966,2050,建設業,スタンダード
1967,2050,建設業,スタンダード
1968,2050,建設業,プライム
1969,2050,建設業,プライム
196A,7200,その他金融業,グロース
1972,2050,建設業,スタンダード
1975,2050,建設業,プライム
1976,2050,建設業,プライム
1979,2050,建設業,プライム
197A,3250,医薬品,スタンダード
1980,2050,建設業,プライム
1981,2050,建設業,スタンダード
1982,2050,建設業,プライム
198A,5250,情報・通信業,グロース
1992,2050,建設業,スタンダード
1994,2050,建設業,スタンダード
1997,2050,建設業,スタンダード
2001,3050,食料品,プライム
2002,3050,食料品,プライム
2003,3050,食料品,スタンダード
2004,3050,食料品,プライム
2009,3050,食料品,スタンダード
2053,3050,食料品,プライム
2055,3050,食料品,スタンダード
205A,2050,建設業,グロース
2060,3050,食料品,プライム
206A,3250,医薬品,グロース
208A,5250,情報・通信業,スタンダード
2108,3050,食料品,プライム
2109,3050,食料品,プライム
2112,3050,食料品,スタンダード
2114,3050,食料品,スタンダード
2117,3050,食料品,プライム
211A,2050,建設業,スタンダード
2120,9050,サービス業,プライム
2121,5250,情報・通信業,プライム
2122,9050,サービス業,スタンダード
2124,9050,サービス業,プライム
2127,9050,サービス業,プライム
212A,9050,サービス業,プライム
2130,9050,サービス業,プライム
2134,9050,サービス業,スタンダード
2136,9050,サービス業,スタンダード
2138,5250,情報・通信業,スタンダード
2139,9050,サービス業,スタンダード
2146,9050,サービス業,プライム
2148,9050,サービス業,プライム
2152,9050,サービス業,スタンダード
2153,9050,サービス業,プライム
2154,9050,サービス業,プライム
2156,9050,サービス業,スタンダード
2157,9050,サービス業,プライム
2158,9050,サービス業,グロース
215A,9050,サービス業,グロース
2160,3250,医薬品,グロース
2162,9050,サービス業,スタンダード
2163,9050,サービス業,プライム
2164,9050,サービス業,スタンダード
2168,9050,サービス業,プライム
2169,9050,サービス業,スタンダード
2170,9050,サービス業,プライム
2173,9050,サービス業,グロース
2175,9050,サービス業,プライム
2179,9050,サービス業,スタンダード
2180,9050,サービス業,スタンダード
2181,9050,サービス業,プライム
2183,9050,サービス業,スタンダード
2185,9050,サービス業,スタンダード
2186,9050,サービス業,スタンダード
218A,3750,精密機器,グロース
2193,9050,サービス業,スタンダード
2195,9050,サービス業,グロース
2198,9050,サービス業,プライム
219A,3250,医薬品,グロース
2201,3050,食料品,プライム
2204,3050,食料品,スタンダード
2206,3050,食料品,プライム
2207,3050,食料品,プライム
2208,3050,食料品,スタンダード
2209,3050,食料品,プライム
220A,5250,情報・通信業,スタンダード
2211,3050,食料品,プライム
2212,3050,食料品,プライム
2215,3050,食料品,スタンダード
2216,3050,食料品,スタンダード
2217,3050,食料品,プライム
2220,3050,食料品,プライム
2221,3050,食料品,スタンダード
2222,3050,食料品,プライム
2224,3050,食料品,スタンダード
2226,3050,食料品,スタンダード
2229,3050,食料品,プライム
2264,3050,食料品,プライム
2266,3050,食料品,プライム
2267,3050,食料品,プライム
2268,3050,食料品,スタンダード
2269,3050,食料品,プライム
2270,3050,食料品,プライム
2281,3050,食料品,プライム
2282,3050,食料品,プライム
2286,3050,食料品,スタンダード
2288,3050,食料品,プライム
228A,5250,情報・通信業,グロース
2291,3050,食料品,スタンダード
2292,3050,食料品,プライム
2293,3050,食料品,スタンダード
2294,3050,食料品,プライム
2296,3050,食料品,プライム
2300,9050,サービス業,スタンダード
2301,9050,サービス業,プライム
2303,5250,情報・通信業,スタンダード
2304,9050,サービス業,スタンダード
2305,9050,サービス業,スタンダード
2307,5250,情報・通信業,プライム
2311,9050,サービス業,スタンダード
2315,5250,情報・通信業,スタンダード
2317,5250,情報・通信業,プライム
2321,5250,情報・通信業,グロース
2323,5250,情報・通信業,スタンダード
2325,9050,サービス業,プライム
2326,5250,情報・通信業,プライム
2327,5250,情報・通信業,プライム
2329,5250,情報・通信業,スタンダード
2330,5250,情報・通信業,スタンダード
2331,9050,サービス業,プライム
2332,5250,情報・通信業,スタンダード
2334,9050,サービス業,グロース
2335,5250,情報・通信業,プライム
2337,8050,不動産業,プライム
2338,5250,情報・通信業,スタンダード
2340,9050,サービス業,スタンダード
2341,9050,サービス業,スタンダード
2342,9050,サービス業,スタンダード
2345,5250,情報・通信業,スタンダード
2349,5250,情報・通信業,スタンダード
2351,5250,情報・通信業,スタンダード
2353,8050,不動産業,プライム
2354,5250,情報・通信業,スタンダード
2359,5250,情報・通信業,プライム
2370,9050,サービス業,グロース
2371,9050,サービス業,プライム
2373,9050,サービス業,スタンダード
2375,9050,サービス業,スタンダード
2376,9050,サービス業,スタンダード
2378,9050,サービス業,プライム
2379,9050,サービス業,プライム
2384,5050,陸運業,プライム
2385,9050,サービス業,グロース
2388,7200,その他金融業,グロース
2391,9050,サービス業,スタンダード
2393,9050,サービス業,スタンダード
2395,9050,サービス業,プライム
2404,9050,サービス業,スタンダード
2408,9050,サービス業,スタンダード
2410,9050,サービス業,プライム
2411,5250,情報・通信業,スタンダード
2413,9050,サービス業,プライム
2415,9050,サービス業,スタンダード
2418,9050,サービス業,スタンダード
241A,5250,情報・通信業,グロース
2424,9050,サービス業,スタンダード
2425,9050,サービス業,スタンダード
2428,9050,サービス業,スタンダード
2429,9050,サービス業,プライム
2432,5250,情報・通信業,プライム
2433,9050,サービス業,プライム
2435,9050,サービス業,スタンダード
2436,9050,サービス業,スタンダード
2437,9050,サービス業,スタンダード
2438,9050,サービス業,グロース
2440,9050,サービス業,スタンダード
2445,9050,サービス業,スタンダード
2449,9050,サービス業,スタンダード
244A,5250,情報・通信業,グロース
2454,9050,サービス業,スタンダード
2459,9050,サービス業,スタンダード
245A,6100,小売業,グロース
2461,9050,サービス業,プライム
2462,9050,サービス業,プライム
2464,9050,サービス業,スタンダード
2469,9050,サービス業,スタンダード
246A,9050,サービス業,グロース
2471,9050,サービス業,プライム
2475,9050,サービス業,プライム
2477,5250,情報・通信業,スタンダード
2479,9050,サービス業,スタンダード
247A,3200,化学,グロース
2480,5250,情報・通信業,スタンダード
2481,9050,サービス業,スタンダード
2483,9050,サービス業,スタンダード
2484,5250,情報・通信業,スタンダード
2485,9050,サービス業,スタンダード
2488,9050,サービス業,スタンダード
2489,9050,サービス業,スタンダード
248A,5250,情報・通信業,グロース
2491,9050,サービス業,プライム
2492,9050,サービス業,プライム
2493,9050,サービス業,スタンダード
2497,9050,サービス業,グロース
2498,9050,サービス業,スタンダード
2499,9050,サービス業,スタンダード
2501,3050,食料品,プライム
2502,3050,食料品,プライム
2503,3050,食料品,プライム
250A,3050,食料品,スタンダード
2531,3050,食料品,プライム
2533,3050,食料品,プライム
253A,2050,建設業,スタンダード
254A,7100,証券、商品先物取引業,スタンダード
255A,3750,精密機器,スタンダード
256A,2050,建設業,プライム
2573,3050,食料品,スタンダード
2579,3050,食料品,プライム
2585,3050,食料品,プライム
2586,3050,食料品,グロース
2587,3050,食料品,プライム
2588,3050,食料品,スタンダード
2590,3050,食料品,プライム
2593,3050,食料品,プライム
2594,3050,食料品,プライム
2597,3050,食料品,スタンダード
2602,3050,食料品,プライム
2607,3050,食料品,プライム
2612,3050,食料品,スタンダード
2613,3050,食料品,プライム
261A,9050,サービス業,スタンダード
262A,6100,小売業,プライム
264A,9050,サービス業,グロース
2652,6100,小売業,スタンダード
2653,6100,小売業,スタンダード
2654,6100,小売業,スタンダード
2656,6100,小売業,スタンダード
2659,6100,小売業,プライム
265A,5250,情報・通信業,グロース
2664,6100,小売業,プライム
2666,6100,小売業,スタンダード
2667,6050,卸売業,スタンダード
2668,6050,卸売業,スタンダード
2669,6100,小売業,スタンダード
2670,6100,小売業,プライム
2673,6100,小売業,スタンダード
2674,6100,小売業,プライム
2676,6050,卸売業,プライム
2678,6100,小売業,プライム
2681,6100,小売業,プライム
2683,6100,小売業,スタンダード
2685,6100,小売業,プライム
2687,9050,サービス業,スタンダード
2689,6050,卸売業,スタンダード
268A,3750,精密機器,プライム
2693,6050,卸売業,スタンダード
2694,6100,小売業,スタンダード
2695,6100,小売業,プライム
2698,6100,小売業,スタンダード
269A,5250,情報・通信業,グロース
2700,6050,卸売業,スタンダード
2702,6100,小売業,スタンダード
2705,6100,小売業,スタンダード
2708,6050,卸売業,スタンダード
2721,6050,卸売業,スタンダード
2722,6100,小売業,スタンダード
2726,6100,小売業,プライム
2730,6100,小売業,プライム
2733,6050,卸売業,プライム
2734,6100,小売業,プライム
2735,6100,小売業,スタンダード
2736,6100,小売業,スタンダード
2737,6050,卸売業,プライム
2742,6100,小売業,プライム
2747,6100,小売業,スタンダード
2749,9050,サービス業,プライム
274A,6100,小売業,スタンダード
2750,6050,卸売業,スタンダード
2751,6050,卸売業,スタンダード
2752,6100,小売業,プライム
2753,6100,小売業,プライム
2760,6050,卸売業,プライム
2762,6100,小売業,スタンダード
2764,6100,小売業,スタンダード
2767,6050,卸売業,プライム
2768,6050,卸売業,プライム
2769,6100,小売業,スタンダード
276A,8050,不動産業,グロース
2776,6050,卸売業,スタンダード
2778,6100,小売業,スタンダード
277A,9050,サービス業,プライム
2780,6100,小売業,スタンダード
2782,6100,小売業,スタンダード
2784,6050,卸売業,プライム
2788,6050,卸売業,スタンダード
2789,6100,小売業,スタンダード
278A,3750,精密機器,グロース
2790,6100,小売業,スタンダード
2791,6100,小売業,プライム
2792,6100,小売業,プライム
2795,6050,卸売業,スタンダード
2796,6100,小売業,スタンダード
2798,6100,小売業,スタンダード
2801,3050,食料品,プライム
2802,3050,食料品,プライム
2804,3050,食料品,プライム
2805,3050,食料品,スタンダード
2806,3050,食料品,スタンダード
2809,3050,食料品,プライム
280A,6050,卸売業,グロース
2810,3050,食料品,プライム
2811,3050,食料品,プライム
2813,3050,食料品,スタンダード
2814,3050,食料品,スタンダード
2815,3050,食料品,プライム
2816,3050,食料品,スタンダード
2818,3050,食料品,スタンダード
2819,3050,食料品,スタンダード
281A,5250,情報・通信業,グロース
2820,3050,食料品,スタンダード
2831,3050,食料品,スタンダード
285A,3650,電気機器,プライム
286A,9050,サービス業,グロース
2871,3050,食料品,プライム
2872,3050,食料品,スタンダード
2874,6050,卸売業,プライム
2875,3050,食料品,プライム
2876,3050,食料品,スタンダード
2877,3050,食料品,スタンダード
287A,6050,卸売業,スタンダード
2882,3050,食料品,プライム
2883,3050,食料品,スタンダード
2884,3050,食料品,プライム
288A,9050,サービス業,グロース
2892,3050,食料品,スタンダード
2894,3050,食料品,スタンダード
2897,3050,食料品,プライム
2901,3050,食料品,スタンダード
2903,3050,食料品,スタンダード
2904,3050,食料品,スタンダード
2907,3050,食料品,スタンダード
2908,3050,食料品,プライム
290A,5250,情報・通信業,グロース
2910,3050,食料品,プライム
2911,3050,食料品,スタンダード
2914,3050,食料品,プライム
2915,3050,食料品,プライム
2916,3050,食料品,スタンダード
2917,3050,食料品,スタンダード
2918,3050,食料品,プライム
291A,9050,サービス業,グロース
2922,3050,食料品,プライム
2923,3050,食料品,スタンダード
2924,3050,食料品,スタンダード
2926,3050,食料品,スタンダード
2927,3050,食料品,スタンダード
2929,3050,食料品,プライム
2930,3200,化学,プライム
2931,3050,食料品,プライム
2932,3050,食料品,スタンダード
2933,3050,食料品,プライム
2934,3050,食料品,グロース
2935,3050,食料品,プライム
2936,3050,食料品,グロース
2937,3050,食料品,グロース
2938,3050,食料品,スタンダード
2961,3550,金属製品,スタンダード
2962,3550,金属製品,スタンダード
296A,9050,サービス業,グロース
2970,8050,不動産業,スタンダード
2975,8050,不動産業,プライム
2978,8050,不動産業,グロース
297A,6100,小売業,スタンダード
2980,8050,不動産業,プライム
2981,8050,不動産業,グロース
2982,8050,不動産業,プライム
2983,8050,不動産業,グロース
2984,8050,不動産業,スタンダード
2986,8050,不動産業,グロース
298A,5250,情報・通信業,グロース
2991,8050,不動産業,スタンダード
2993,8050,不動産業,スタンダード
2997,8050,不動産業,グロース
2998,8050,不動産業,グロース
2999,8050,不動産業,スタンダード
299A,9050,サービス業,グロース
3001,3100,繊維製品,スタンダード
3002,3100,繊維製品,プライム
3003,8050,不動産業,プライム
3004,6050,卸売業,スタンダード
300A,9050,サービス業,スタンダード
3010,9050,サービス業,スタンダード
3011,6100,小売業,スタンダード
3020,6100,小売業,スタンダード
3021,9050,サービス業,スタンダード
3023,6050,卸売業,スタンダード
3024,6050,卸売業,スタンダード
3028,6100,小売業,プライム
302A,9050,サービス業,グロース
3030,6100,小売業,スタンダード
3031,5250,情報・通信業,プライム
3034,6100,小売業,プライム
3035,6050,卸売業,スタンダード
3036,6050,卸売業,プライム
3038,6050,卸売業,プライム
303A,5250,情報・通信業,グロース
3040,5250,情報・通信業,プライム
3041,6050,卸売業,スタンダード
3042,5250,情報・通信業,スタンダード
3045,6050,卸売業,スタンダード
3046,6100,小売業,プライム
3048,6100,小売業,プライム
304A,5250,情報・通信業,グロース
3050,6100,小売業,プライム
3053,6100,小売業,スタンダード
3054,6050,卸売業,スタンダード
3058,6100,小売業,スタンダード
3059,6100,小売業,スタンダード
3063,6100,小売業,グロース
3064,6100,小売業,プライム
3065,6100,小売業,スタンダード
3067,6100,小売業,スタンダード
3068,6100,小売業,スタンダード
3069,3050,食料品,スタンダード
3070,6050,卸売業,グロース
3071,6100,小売業,スタンダード
3075,6100,小売業,スタンダード
3076,6050,卸売業,プライム
3077,6100,小売業,スタンダード
3079,6050,卸売業,スタンダード
3080,6100,小売業,スタンダード
3082,6100,小売業,スタンダード
3083,6100,小売業,スタンダード
3086,6100,小売業,プライム
3087,6100,小売業,プライム
3088,6100,小売業,プライム
3089,6050,卸売業,スタンダード
3091,6100,小売業,プライム
3092,6100,小売業,プライム
3093,6100,小売業,プライム
3096,6100,小売業,スタンダード
3097,6100,小売業,プライム
3099,6100,小売業,プライム
3101,3200,化学,プライム
3103,3100,繊維製品,スタンダード
3104,3100,繊維製品,プライム
3105,3650,電気機器,プライム
3106,3100,繊維製品,プライム
3107,6050,卸売業,プライム
3109,3100,繊維製品,プライム
3110,3400,ガラス・土石製品,プライム
3111,3100,繊維製品,スタンダード
3113,7100,証券、商品先物取引業,スタンダード
3116,3700,輸送用機器,プライム
3121,9050,サービス業,スタンダード
3123,3100,繊維製品,スタンダード
3131,6050,卸売業,スタンダード
3132,6050,卸売業,プライム
3133,6100,小売業,グロース
3134,6100,小売業,スタンダード
3135,6100,小売業,スタンダード
3137,6100,小売業,スタンダード
3138,6100,小売業,スタンダード
3139,6050,卸売業,プライム
3140,6050,卸売業,グロース
3143,6050,卸売業,スタンダード
3148,6100,小売業,プライム
3150,4050,電気・ガス業,プライム
3151,6050,卸売業,プライム
3153,6050,卸売業,プライム
3154,6050,卸売業,プライム
3156,6050,卸売業,プライム
3157,6050,卸売業,スタンダード
3159,6100,小売業,スタンダード
3160,6050,卸売業,スタンダード
3161,6050,卸売業,スタンダード
3166,6050,卸売業,スタンダード
3167,6050,卸売業,プライム
3168,6050,卸売業,スタンダード
3169,6100,小売業,スタンダード
3172,6100,小売業,スタンダード
3173,6050,卸売業,スタンダード
3174,6100,小売業,スタンダード
3175,6100,小売業,スタンダード
3176,6050,卸売業,プライム
3177,6100,小売業,スタンダード
3178,6100,小売業,スタンダード
3179,6100,小売業,プライム
3180,6050,卸売業,プライム
3181,6100,小売業,スタンダード
3182,6100,小売業,プライム
3183,6050,卸売業,プライム
3184,6100,小売業,スタンダード
3185,6100,小売業,グロース
3186,6100,小売業,プライム
3187,6100,小売業,グロース
3189,6100,小売業,スタンダード
3190,6100,小売業,スタンダード
3191,6100,小売業,プライム
3192,6100,小売業,スタンダード
3193,6100,小売業,プライム
3195,6100,小売業,スタンダード
3196,6100,小売業,プライム
3197,6100,小売業,プライム
3199,6100,小売業,プライム
319A,3550,金属製品,グロース
3201,3100,繊維製品,プライム
3202,3100,繊維製品,スタンダード
3204,3100,繊維製品,スタンダード
3205,3100,繊維製品,スタンダード
3221,6100,小売業,プライム
3222,6100,小売業,スタンダード
3223,6100,小売業,スタンダード
3224,6100,小売業,グロース
3231,8050,不動産業,プライム
3232,8050,不動産業,プライム
3236,8050,不動産業,スタンダード
3237,8050,不動産業,グロース
3238,8050,不動産業,スタンダード
323A,5250,情報・通信業,グロース
3241,8050,不動産業,スタンダード
3242,8050,不動産業,スタンダード
3245,8050,不動産業,プライム
3246,8050,不動産業,スタンダード
3248,8050,不動産業,スタンダード
324A,9050,サービス業,グロース
3252,8050,不動産業,プライム
325A,3100,繊維製品,グロース
3261,8050,不動産業,グロース
3266,8050,不動産業,スタンダード
3267,2050,建設業,スタンダード
3276,8050,不動産業,プライム
3277,8050,不動産業,スタンダード
3280,8050,不動産業,スタンダード
3284,8050,不動産業,プライム
3286,8050,不動産業,スタンダード
3288,8050,不動産業,プライム
3289,8050,不動産業,プライム
3291,8050,不動産業,プライム
3293,8050,不動産業,スタンダード
3297,8050,不動産業,スタンダード
3299,8050,不動産業,スタンダード
3300,8050,不動産業,グロース
3302,3100,繊維製品,プライム
3306,6050,卸売業,スタンダード
330A,5250,情報・通信業,グロース
3315,3300,石油・石炭製品,プライム
3317,6100,小売業,スタンダード
331A,9050,サービス業,スタンダード
3320,6050,卸売業,スタンダード
3321,6050,卸売業,スタンダード
3323,6050,卸売業,スタンダード
3326,9050,サービス業,スタンダード
3329,6100,小売業,スタンダード
332A,5250,情報・通信業,グロース
3333,6100,小売業,プライム
3349,6100,小売業,プライム
334A,5250,情報・通信業,グロース
3350,6050,卸売業,スタンダード
3352,6100,小売業,スタンダード
3353,6100,小売業,スタンダード
3355,6050,卸売業,スタンダード
3358,6100,小売業,スタンダード
3359,6050,卸売業,グロース
335A,5250,情報・通信業,グロース
3360,6050,卸売業,プライム
3361,6100,小売業,スタンダード
336A,5250,情報・通信業,グロース
3370,6100,小売業,スタンダード
3371,5250,情報・通信業,プライム
3372,6100,小売業,スタンダード
3374,6050,卸売業,スタンダード
3375,6100,小売業,スタンダード
3377,6050,卸売業,スタンダード
3382,6100,小売業,プライム
3386,6050,卸売業,スタンダード
3387,6100,小売業,プライム
3388,6050,卸売業,プライム
338A,5250,情報・通信業,グロース
3391,6100,小売業,プライム
3392,6050,卸売業,スタンダード
3393,6050,卸売業,プライム
3395,6100,小売業,プライム
3396,6100,小売業,スタンダード
3397,6100,小売業,プライム
3399,6100,小売業,スタンダード
339A,9050,サービス業,グロース
3401,3100,繊維製品,プライム
3402,3100,繊維製品,プライム
3405,3200,化学,プライム
3407,3200,化学,プライム
3409,3100,繊維製品,スタンダード
340A,5250,情報・通信業,グロース
3415,6100,小売業,プライム
3416,6100,小売業,スタンダード
3417,6050,卸売業,スタンダード
3418,6100,小売業,グロース
341A,2050,建設業,グロース
3420,3550,金属製品,スタンダード
3421,3550,金属製品,スタンダード
3422,3550,金属製品,スタンダード
3423,3550,金属製品,スタンダード
3426,3550,金属製品,スタンダード
3431,3550,金属製品,プライム
3433,3550,金属製品,プライム
3434,3550,金属製品,スタンダード
3435,3550,金属製品,スタンダード
3436,3550,金属製品,プライム
3437,3550,金属製品,スタンダード
3439,3550,金属製品,スタンダード
343A,9050,サービス業,スタンダード
3440,3550,金属製品,スタンダード
3441,3550,金属製品,スタンダード
3443,3550,金属製品,プライム
3444,3550,金属製品,スタンダード
3445,3550,金属製品,プライム
3446,3550,金属製品,スタンダード
3447,3550,金属製品,スタンダード
3449,3550,金属製品,スタンダード
3452,8050,不動産業,スタンダード
3454,8050,不動産業,スタンダード
3457,8050,不動産業,プライム
3461,8050,不動産業,スタンダード
3465,8050,不動産業,プライム
3467,8050,不動産業,スタンダード
3469,8050,不動産業,スタンダード
3474,8050,不動産業,グロース
3475,8050,不動産業,プライム
3477,8050,不動産業,グロース
3479,8050,不動産業,グロース
3480,8050,不動産業,プライム
3482,8050,不動産業,プライム
3484,8050,不動産業,スタンダード
3486,8050,不動産業,プライム
3489,8050,不動産業,スタンダード
3490,8050,不動産業,スタンダード
3491,8050,不動産業,グロース
3494,8050,不動産業,スタンダード
3495,8050,不動産業,スタンダード
3496,8050,不動産業,プライム
3498,8050,不動産業,プライム
3501,3100,繊維製品,プライム
350A,4050,電気・ガス業,グロース
3512,3100,繊維製品,スタンダード
3513,3100,繊維製品,スタンダード
3521,9050,サービス業,スタンダード
3524,3100,繊維製品,スタンダード
3529,3100,繊維製品,スタンダード
352A,9050,サービス業,グロース
3536,6100,小売業,スタンダード
3537,6050,卸売業,スタンダード
3538,6100,小売業,スタンダード
3539,6100,小売業,プライム
3542,6100,小売業,グロース
3543,6050,卸売業,プライム
3544,6100,小売業,スタンダード
3547,6100,小売業,スタンダード
3548,6100,小売業,プライム
3549,6100,小売業,スタンダード
3550,6100,小売業,グロース
3551,3100,繊維製品,スタンダード
3553,3200,化学,スタンダード
3556,6100,小売業,グロース
3557,6100,小売業,グロース
3558,6100,小売業,グロース
3559,6050,卸売業,スタンダード
3560,6100,小売業,スタンダード
3561,6100,小売業,プライム
3562,6050,卸売業,スタンダード
3563,6100,小売業,プライム
3565,6050,卸売業,スタンダード
3566,6100,小売業,グロース
3569,3100,繊維製品,プライム
3571,3100,繊維製品,スタンダード
3577,3100,繊維製品,スタンダード
3580,3100,繊維製品,プライム
3583,3100,繊維製品,スタンダード
3591,3100,繊維製品,プライム
3597,3100,繊維製品,スタンダード
3598,3100,繊維製品,スタンダード
3600,3100,繊維製品,スタンダード
3607,3100,繊維製品,スタンダード
3608,3100,繊維製品,プライム
3611,3100,繊維製品,スタンダード
3612,3100,繊維製品,プライム
3622,5250,情報・通信業,スタンダード
3623,5250,情報・通信業,グロース
3624,5250,情報・通信業,グロース
3625,5250,情報・通信業,グロース
3626,5250,情報・通信業,プライム
3627,5250,情報・通信業,スタンダード
3628,5250,情報・通信業,グロース
3632,5250,情報・通信業,プライム
3633,5250,情報・通信業,スタンダード
3634,5250,情報・通信業,スタンダード
3635,5250,情報・通信業,プライム
3636,5250,情報・通信業,プライム
3639,5250,情報・通信業,スタンダード
3640,5250,情報・通信業,スタンダード
3641,5250,情報・通信業,スタンダード
3645,5250,情報・通信業,グロース
3646,5250,情報・通信業,スタンダード
3647,5250,情報・通信業,スタンダード
3648,5250,情報・通信業,スタンダード
3649,5250,情報・通信業,プライム
3652,5250,情報・通信業,グロース
3653,5250,情報・通信業,グロース
3656,5250,情報・通信業,プライム
3657,5250,情報・通信業,プライム
3659,5250,情報・通信業,プライム
365A,3100,繊維製品,スタンダード
3660,5250,情報・通信業,プライム
3661,5250,情報・通信業,プライム
3662,5250,情報・通信業,プライム
3663,5250,情報・通信業,プライム
3664,5250,情報・通信業,グロース
3665,5250,情報・通信業,プライム
3667,5250,情報・通信業,スタンダード
3668,5250,情報・通信業,プライム
366A,9050,サービス業,グロース
3670,5250,情報・通信業,スタンダード
3671,5250,情報・通信業,スタンダード
3672,5250,情報・通信業,スタンダード
3673,5250,情報・通信業,プライム
3674,5250,情報・通信業,グロース
3675,5250,情報・通信業,スタンダード
3676,5250,情報・通信業,プライム
3678,5250,情報・通信業,プライム
3679,5250,情報・通信業,プライム
367A,6100,小売業,スタンダード
3680,5250,情報・通信業,グロース
3682,5250,情報・通信業,スタンダード
3683,5250,情報・通信業,スタンダード
3686,5250,情報・通信業,スタンダード
3687,5250,情報・通信業,プライム
368A,3750,精密機器,プライム
3690,5250,情報・通信業,スタンダード
3691,5250,情報・通信業,グロース
3692,5250,情報・通信業,グロース
3694,5250,情報・通信業,プライム
3695,5250,情報・通信業,グロース
3696,5250,情報・通信業,プライム
3697,5250,情報・通信業,プライム
3698,5250,情報・通信業,スタンダード
369A,9050,サービス業,グロース
3708,3150,パルプ・紙,プライム
3710,5250,情報・通信業,スタンダード
3712,5250,情報・通信業,スタンダード
3719,5250,情報・通信業,スタンダード
3723,5250,情報・通信業,グロース
3726,6100,小売業,スタンダード
3727,5250,情報・通信業,グロース
372A,9050,サービス業,スタンダード
3733,5250,情報・通信業,スタンダード
373A,3200,化学,グロース
3741,5250,情報・通信業,プライム
3744,5250,情報・通信業,スタンダード
3747,5250,情報・通信業,スタンダード
3750,5250,情報・通信業,スタンダード
3753,5250,情報・通信業,スタンダード
3758,5250,情報・通信業,スタンダード
3760,5250,情報・通信業,スタンダード
3762,5250,情報・通信業,プライム
3763,5250,情報・通信業,プライム
3765,5250,情報・通信業,プライム
3766,5250,情報・通信業,スタンダード
3768,5250,情報・通信業,スタンダード
3769,5250,情報・通信業,プライム
3771,5250,情報・通信業,プライム
3772,8050,不動産業,スタンダード
3773,5250,情報・通信業,グロース
3774,5250,情報・通信業,プライム
3776,5250,情報・通信業,スタンダード
3777,5250,情報・通信業,グロース
3778,5250,情報・通信業,プライム
3779,5250,情報・通信業,スタンダード
3787,5250,情報・通信業,スタンダード
3788,5250,情報・通信業,プライム
378A,9050,サービス業,グロース
3791,5250,情報・通信業,スタンダード
3793,5250,情報・通信業,グロース
3796,5250,情報・通信業,スタンダード
3798,5250,情報・通信業,スタンダード
3799,5250,情報・通信業,スタンダード
3800,5250,情報・通信業,スタンダード
3802,5250,情報・通信業,スタンダード
3803,5250,情報・通信業,グロース
3804,5250,情報・通信業,スタンダード
3807,5250,情報・通信業,グロース
3810,5250,情報・通信業,スタンダード
3815,5250,情報・通信業,グロース
3816,5250,情報・通信業,スタンダード
3817,5250,情報・通信業,プライム
3823,5250,情報・通信業,スタンダード
3825,6100,小売業,スタンダード
3826,5250,情報・通信業,スタンダード
3834,5250,情報・通信業,プライム
3835,5250,情報・通信業,プライム
3836,5250,情報・通信業,プライム
3837,5250,情報・通信業,プライム
3839,5250,情報・通信業,スタンダード
3840,5250,情報・通信業,スタンダード
3841,5250,情報・通信業,スタンダード
3842,5250,情報・通信業,スタンダード
3843,5250,情報・通信業,プライム
3844,5250,情報・通信業,プライム
3845,5250,情報・通信業,スタンダード
3848,5250,情報・通信業,スタンダード
3850,5250,情報・通信業,スタンダード
3851,5250,情報・通信業,スタンダード
3853,5250,情報・通信業,プライム
3854,5250,情報・通信業,プライム
3856,3650,電気機器,スタンダード
3858,5250,情報・通信業,スタンダード
3861,3150,パルプ・紙,プライム
3863,3150,パルプ・紙,プライム
3864,3150,パルプ・紙,プライム
3865,3150,パルプ・紙,プライム
386A,6100,小売業,スタンダード
3877,3150,パルプ・紙,プライム
3878,3200,化学,スタンダード
387A,5250,情報・通信業,グロース
3880,3150,パルプ・紙,プライム
3891,3150,パルプ・紙,スタンダード
3892,3150,パルプ・紙,スタンダード
3895,3150,パルプ・紙,スタンダード
3896,3150,パルプ・紙,スタンダード
3900,5250,情報・通信業,グロース
3901,5250,情報・通信業,プライム
3903,5250,情報・通信業,プライム
3904,5250,情報・通信業,グロース
3905,5250,情報・通信業,グロース
3907,5250,情報・通信業,スタンダード
3908,5250,情報・通信業,スタンダード
3909,5250,情報・通信業,スタンダード
3910,5250,情報・通信業,スタンダード
3911,5250,情報・通信業,グロース
3912,5250,情報・通信業,スタンダード
3913,5250,情報・通信業,スタンダード
3914,5250,情報・通信業,グロース
3915,5250,情報・通信業,プライム
3916,5250,情報・通信業,プライム
3917,5250,情報・通信業,グロース
3918,5250,情報・通信業,スタンダード
3920,5250,情報・通信業,スタンダード
3921,5250,情報・通信業,プライム
3922,5250,情報・通信業,プライム
3923,5250,情報・通信業,プライム
3925,5250,情報・通信業,プライム
3926,5250,情報・通信業,スタンダード
3927,5250,情報・通信業,スタンダード
3928,5250,情報・通信業,スタンダード
3929,5250,情報・通信業,グロース
3930,5250,情報・通信業,グロース
3931,5250,情報・通信業,グロース
3932,5250,情報・通信業,プライム
3933,5250,情報・通信業,スタンダード
3934,5250,情報・通信業,スタンダード
3935,5250,情報・通信業,スタンダード
3936,5250,情報・通信業,グロース
3937,5250,情報・通信業,スタンダード
3939,5250,情報・通信業,プライム
3940,5250,情報・通信業,スタンダード
3941,3150,パルプ・紙,プライム
3943,3150,パルプ・紙,スタンダード
3944,3150,パルプ・紙,スタンダード
3945,3150,パルプ・紙,スタンダード
3946,3150,パルプ・紙,プライム
3947,3150,パルプ・紙,スタンダード
3948,3150,パルプ・紙,スタンダード
3950,3150,パルプ・紙,プライム
3951,3150,パルプ・紙,スタンダード
3953,3150,パルプ・紙,スタンダード
3954,3150,パルプ・紙,スタンダード
3955,3150,パルプ・紙,スタンダード
3958,3150,パルプ・紙,スタンダード
3962,5250,情報・通信業,プライム
3963,5250,情報・通信業,プライム
3964,5250,情報・通信業,プライム
3965,5250,情報・通信業,スタンダード
3967,5250,情報・通信業,グロース
3968,5250,情報・通信業,プライム
3969,5250,情報・通信業,スタンダード
3970,5250,情報・通信業,スタンダード
3974,5250,情報・通信業,スタンダード
3976,5250,情報・通信業,グロース
3979,5250,情報・通信業,グロース
3981,5250,情報・通信業,スタンダード
3983,5250,情報・通信業,プライム
3984,5250,情報・通信業,プライム
3985,5250,情報・通信業,スタンダード
3986,5250,情報・通信業,スタンダード
3987,5250,情報・通信業,グロース
3988,5250,情報・通信業,スタンダード
3989,5250,情報・通信業,グロース
3991,5250,情報・通信業,グロース
3992,5250,情報・通信業,プライム
3993,5250,情報・通信業,プライム
3994,5250,情報・通信業,プライム
3996,5250,情報・通信業,スタンダード
3997,5250,情報・通信業,スタンダード
3998,5250,情報・通信業,グロース
4004,3200,化学,プライム
4005,3200,化学,プライム
4008,3200,化学,プライム
4011,5250,情報・通信業,グロース
4012,5250,情報・通信業,スタンダード
4013,5250,情報・通信業,グロース
4014,5250,情報・通信業,グロース
4015,5250,情報・通信業,グロース
4016,5250,情報・通信業,スタンダード
4017,5250,情報・通信業,グロース
4019,5250,情報・通信業,グロース
4020,5250,情報・通信業,グロース
4021,3200,化学,プライム
4022,3200,化学,プライム
4023,3200,化学,プライム
4025,3200,化学,プライム
4026,3400,ガラス・土石製品,スタンダード
4027,3200,化学,プライム
4028,3200,化学,プライム
402A,3700,輸送用機器,グロース
4031,3200,化学,スタンダード
4040,3200,化学,スタンダード
4041,3200,化学,プライム
4042,3200,化学,プライム
4043,3200,化学,プライム
4044,3200,化学,プライム
4045,3200,化学,プライム
4046,3200,化学,プライム
4047,3200,化学,プライム
4051,5250,情報・通信業,プライム
4052,5250,情報・通信業,グロース
4053,5250,情報・通信業,プライム
4054,5250,情報・通信業,グロース
4055,5250,情報・通信業,グロース
4056,5250,情報・通信業,グロース
4057,5250,情報・通信業,グロース
4058,5250,情報・通信業,グロース
4059,5250,情報・通信業,スタンダード
4060,5250,情報・通信業,グロース
4061,3200,化学,プライム
4062,3650,電気機器,プライム
4063,3200,化学,プライム
4064,3200,化学,プライム
4068,5250,情報・通信業,グロース
4069,5250,情報・通信業,グロース
4071,5250,情報・通信業,プライム
4072,5250,情報・通信業,プライム
4073,5250,情報・通信業,グロース
4074,5250,情報・通信業,グロース
4075,5250,情報・通信業,グロース
4076,5250,情報・通信業,グロース
4078,3200,化学,プライム
407A,2050,建設業,スタンダード
4082,3200,化学,プライム
4088,3200,化学,プライム
4091,3200,化学,プライム
4092,3200,化学,プライム
4093,3200,化学,スタンダード
4094,3200,化学,スタンダード
4095,3200,化学,プライム
4097,3200,化学,プライム
4098,3200,化学,スタンダード
4099,3200,化学,プライム
409A,3050,食料品,プライム
4100,3200,化学,スタンダード
4102,3200,化学,スタンダード
4107,3200,化学,スタンダード
4109,3200,化学,プライム
410A,9050,サービス業,グロース
4112,3200,化学,プライム
4113,3200,化学,スタンダード
4114,3200,化学,プライム
4116,3200,化学,プライム
4118,3200,化学,プライム
4119,3200,化学,スタンダード
4120,3200,化学,スタンダード
4124,3200,化学,スタンダード
4125,3200,化学,スタンダード
414A,5250,情報・通信業,グロース
4151,3250,医薬品,プライム
415A,9050,サービス業,グロース
4165,5250,情報・通信業,グロース
4166,5250,情報・通信業,グロース
4167,5250,情報・通信業,グロース
4168,5250,情報・通信業,グロース
4169,5250,情報・通信業,グロース
416A,6050,卸売業,スタンダード
4170,5250,情報・通信業,グロース
4171,5250,情報・通信業,スタンダード
4172,5250,情報・通信業,スタンダード
4174,5250,情報・通信業,スタンダード
4175,5250,情報・通信業,グロース
4176,5250,情報・通信業,グロース
4177,5250,情報・通信業,グロース
4178,5250,情報・通信業,グロース
4179,5250,情報・通信業,グロース
417A,6100,小売業,プライム
4180,5250,情報・通信業,プライム
4182,3200,化学,プライム
4183,3200,化学,プライム
4186,3200,化学,プライム
4187,3200,化学,プライム
4188,3200,化学,プライム
4189,3200,化学,プライム
4192,5250,情報・通信業,グロース
4193,5250,情報・通信業,スタンダード
4194,5250,情報・通信業,プライム
4196,5250,情報・通信業,スタンダード
4197,5250,情報・通信業,スタンダード
4198,5250,情報・通信業,スタンダード
4199,5250,情報・通信業,グロース
4202,3200,化学,プライム
4203,3200,化学,プライム
4204,3200,化学,プライム
4205,3200,化学,プライム
4206,3200,化学,プライム
4208,3200,化学,プライム
4212,3200,化学,プライム
4216,3200,化学,プライム
4218,3200,化学,プライム
421A,9050,サービス業,グロース
4220,3200,化学,プライム
4221,3200,化学,プライム
4222,3200,化学,スタンダード
4224,3200,化学,スタンダード
4228,3200,化学,プライム
4229,3200,化学,プライム
4231,3200,化学,スタンダード
4234,3200,化学,スタンダード
4235,3200,化学,スタンダード
4237,3200,化学,スタンダード
4238,3200,化学,スタンダード
423A,6050,卸売業,スタンダード
4240,3200,化学,スタンダード
4241,3200,化学,スタンダード
4242,3200,化学,スタンダード
4243,3200,化学,スタンダード
4245,3200,化学,スタンダード
4246,3200,化学,プライム
4247,3200,化学,スタンダード
4248,3200,化学,スタンダード
4249,3200,化学,プライム
4251,3200,化学,プライム
4255,5250,情報・通信業,グロース
4256,5250,情報・通信業,グロース
4258,5250,情報・通信業,グロース
4259,5250,情報・通信業,グロース
4260,5250,情報・通信業,グロース
4261,5250,情報・通信業,グロース
4262,5250,情報・通信業,グロース
4263,5250,情報・通信業,グロース
4264,5250,情報・通信業,グロース
4265,5250,情報・通信業,グロース
4270,5250,情報・通信業,グロース
4272,3200,化学,プライム
4274,3200,化学,スタンダード
4275,3200,化学,プライム
4284,5250,情報・通信業,スタンダード
4286,9050,サービス業,スタンダード
4287,5250,情報・通信業,スタンダード
4288,5250,情報・通信業,スタンダード
428A,6100,小売業,スタンダード
4290,9050,サービス業,プライム
4293,9050,サービス業,スタンダード
4299,5250,情報・通信業,スタンダード
429A,3800,その他製品,プライム
4301,9050,サービス業,プライム
4307,5250,情報・通信業,プライム
4308,5250,情報・通信業,グロース
4310,9050,サービス業,プライム
4316,5250,情報・通信業,グロース
4317,9050,サービス業,スタンダード
4318,9050,サービス業,プライム
431A,5250,情報・通信業,グロース
4320,5250,情報・通信業,スタンダード
4323,5250,情報・通信業,プライム
4324,9050,サービス業,プライム
4326,5250,情報・通信業,プライム
4331,9050,サービス業,プライム
4334,5250,情報・通信業,スタンダード
4335,5250,情報・通信業,スタンダード
4337,9050,サービス業,プライム
4341,9050,サービス業,スタンダード
4343,9050,サービス業,プライム
4344,5250,情報・通信業,プライム
4345,9050,サービス業,プライム
4346,7200,その他金融業,スタンダード
4347,9050,サービス業,スタンダード
4350,6100,小売業,スタンダード
4351,7200,その他金融業,スタンダード
4356,5250,情報・通信業,スタンダード
4360,3200,化学,スタンダード
4361,3200,化学,スタンダード
4362,3200,化学,プライム
4365,3200,化学,スタンダード
4366,3200,化学,スタンダード
4368,3200,化学,プライム
4369,3200,化学,プライム
436A,5250,情報・通信業,グロース
4370,5250,情報・通信業,グロース
4371,5250,情報・通信業,グロース
4372,5250,情報・通信業,グロース
4373,5250,情報・通信業,プライム
4374,5250,情報・通信業,グロース
4375,5250,情報・通信業,グロース
4376,5250,情報・通信業,グロース
4377,5250,情報・通信業,グロース
4378,5250,情報・通信業,グロース
4379,5250,情報・通信業,グロース
4380,5250,情報・通信業,グロース
4381,5250,情報・通信業,グロース
4382,5250,情報・通信業,スタンダード
4385,5250,情報・通信業,プライム
4386,5250,情報・通信業,スタンダード
4387,5250,情報・通信業,グロース
4388,5250,情報・通信業,スタンダード
4389,5250,情報・通信業,グロース
438A,5250,情報・通信業,グロース
4390,5250,情報・通信業,プライム
4391,5250,情報・通信業,グロース
4392,5250,情報・通信業,プライム
4393,5250,情報・通信業,グロース
4394,5250,情報・通信業,グロース
4395,5250,情報・通信業,グロース
4396,5250,情報・通信業,プライム
4397,5250,情報・通信業,グロース
4398,5250,情報・通信業,スタンダード
4401,3200,化学,プライム
4403,3200,化学,プライム
4404,3050,食料品,スタンダード
4406,3200,化学,スタンダード
4409,3200,化学,スタンダード
4410,3200,化学,プライム
4412,5250,情報・通信業,グロース
4413,5250,情報・通信業,プライム
4414,5250,情報・通信業,グロース
4415,5250,情報・通信業,グロース
4416,5250,情報・通信業,グロース
4417,5250,情報・通信業,グロース
4418,5250,情報・通信業,グロース
4419,5250,情報・通信業,グロース
441A,5250,情報・通信業,グロース
4420,5250,情報・通信業,スタンダード
4421,5250,情報・通信業,スタンダード
4422,5250,情報・通信業,グロース
4424,5250,情報・通信業,グロース
4425,5250,情報・通信業,グロース
4427,5250,情報・通信業,グロース
4428,5250,情報・通信業,グロース
4429,5250,情報・通信業,グロース
442A,3100,繊維製品,グロース
4430,5250,情報・通信業,スタンダード
4431,5250,情報・通信業,グロース
4432,5250,情報・通信業,プライム
4433,9050,サービス業,プライム
4434,5250,情報・通信業,スタンダード
4436,5250,情報・通信業,グロース
4437,5250,情報・通信業,グロース
4438,5250,情報・通信業,グロース
4439,5250,情報・通信業,スタンダード
4440,5250,情報・通信業,スタンダード
4441,5250,情報・通信業,スタンダード
4442,5250,情報・通信業,グロース
4443,5250,情報・通信業,プライム
4444,5250,情報・通信業,グロース
4445,5250,情報・通信業,グロース
4446,5250,情報・通信業,スタンダード
4447,5250,情報・通信業,グロース
4448,5250,情報・通信業,グロース
4450,5250,情報・通信業,グロース
4452,3200,化学,プライム
4461,3200,化学,プライム
4462,3200,化学,プライム
4463,3200,化学,スタンダード
4464,3200,化学,スタンダード
4465,3200,化学,スタンダード
446A,9050,サービス業,グロース
4471,3200,化学,プライム
4475,5250,情報・通信業,グロース
4476,5250,情報・通信業,グロース
4477,5250,情報・通信業,グロース
4478,5250,情報・通信業,グロース
4479,5250,情報・通信業,グロース
4480,5250,情報・通信業,プライム
4481,5250,情報・通信業,プライム
4482,5250,情報・通信業,グロース
4483,5250,情報・通信業,プライム
4484,5250,情報・通信業,グロース
4486,5250,情報・通信業,グロース
4487,5250,情報・通信業,グロース
4488,5250,情報・通信業,グロース
4490,5250,情報・通信業,グロース
4491,5250,情報・通信業,スタンダード
4492,5250,情報・通信業,スタンダード
4493,5250,情報・通信業,グロース
4495,5250,情報・通信業,グロース
4496,5250,情報・通信業,グロース
4498,5250,情報・通信業,グロース
4499,5250,情報・通信業,スタンダード
4502,3250,医薬品,プライム
4503,3250,医薬品,プライム
4506,3250,医薬品,プライム
4507,3250,医薬品,プライム
4512,3250,医薬品,スタンダード
4516,3250,医薬品,プライム
4519,3250,医薬品,プライム
4521,3250,医薬品,プライム
4523,3250,医薬品,プライム
4524,3250,医薬品,スタンダード
4526,3050,食料品,プライム
4527,3250,医薬品,プライム
4528,3250,医薬品,プライム
4531,3200,化学,スタンダード
4534,3250,医薬品,プライム
4536,3250,医薬品,プライム
4538,3250,医薬品,プライム
4539,3250,医薬品,スタンダード
4540,3250,医薬品,プライム
4543,3750,精密機器,プライム
4544,9050,サービス業,プライム
4547,3250,医薬品,プライム
4548,3250,医薬品,プライム
4549,3250,医薬品,プライム
4552,3250,医薬品,プライム
4553,3250,医薬品,プライム
4554,3250,医薬品,プライム
4558,3250,医薬品,スタンダード
4559,3250,医薬品,プライム
4563,3250,医薬品,グロース
4564,3250,医薬品,グロース
4565,3250,医薬品,プライム
4568,3250,医薬品,プライム
4569,3250,医薬品,プライム
456A,6100,小売業,グロース
4570,3250,医薬品,グロース
4571,3250,医薬品,グロース
4572,3250,医薬品,グロース
4574,3250,医薬品,プライム
4575,3250,医薬品,グロース
4576,3250,医薬品,グロース
4577,3250,医薬品,プライム
4578,3250,医薬品,プライム
4579,3250,医薬品,グロース
4582,3250,医薬品,グロース
4583,3250,医薬品,グロース
4584,3250,医薬品,グロース
4586,3250,医薬品,グロース
4587,3250,医薬品,プライム
4588,3250,医薬品,グロース
4591,3250,医薬品,グロース
4592,3250,医薬品,グロース
4593,3250,医薬品,グロース
4594,3250,医薬品,グロース
4595,3250,医薬品,スタンダード
4596,3250,医薬品,グロース
4597,3250,医薬品,グロース
4598,3250,医薬品,グロース
4599,3250,医薬品,グロース
460A,5250,情報・通信業,グロース
4611,3200,化学,プライム
4612,3200,化学,プライム
4613,3200,化学,プライム
4615,3200,化学,スタンダード
4616,3200,化学,スタンダード
4617,3200,化学,プライム
4619,3200,化学,スタンダード
4620,3200,化学,スタンダード
4623,3200,化学,スタンダード
4624,3200,化学,スタンダード
4625,3200,化学,スタンダード
4626,3200,化学,プライム
4627,3200,化学,スタンダード
4628,3200,化学,スタンダード
4629,3200,化学,スタンダード
462A,7100,証券、商品先物取引業,グロース
4631,3200,化学,プライム
4633,3200,化学,プライム
4634,3200,化学,プライム
4635,3200,化学,スタンダード
463A,8050,不動産業,スタンダード
4641,9050,サービス業,プライム
4642,9050,サービス業,スタンダード
4644,5250,情報・通信業,スタンダード
4645,9050,サービス業,スタンダード
464A,5250,情報・通信業,グロース
4650,9050,サービス業,スタンダード
4651,9050,サービス業,スタンダード
4657,9050,サービス業,スタンダード
4658,9050,サービス業,プライム
4661,9050,サービス業,プライム
4662,5250,情報・通信業,プライム
4664,9050,サービス業,スタンダード
4665,9050,サービス業,プライム
4666,8050,不動産業,プライム
4667,5250,情報・通信業,スタンダード
4668,9050,サービス業,プライム
4671,9050,サービス業,スタンダード
4673,9050,サービス業,スタンダード
4674,5250,情報・通信業,プライム
4676,5250,情報・通信業,プライム
4678,9050,サービス業,スタンダード
4679,9050,サービス業,スタンダード
4680,9050,サービス業,プライム
4681,9050,サービス業,プライム
4684,5250,情報・通信業,プライム
4685,5250,情報・通信業,スタンダード
4686,5250,情報・通信業,プライム
4687,5250,情報・通信業,プライム
4689,5250,情報・通信業,プライム
4691,9050,サービス業,スタンダード
4694,9050,サービス業,プライム
469A,9050,サービス業,グロース
4704,5250,情報・通信業,プライム
4705,9050,サービス業,スタンダード
4707,9050,サービス業,スタンダード
4709,5250,情報・通信業,プライム
4712,9050,サービス業,スタンダード
4714,9050,サービス業,プライム
4716,5250,情報・通信業,スタンダード
4718,9050,サービス業,プライム
4719,5250,情報・通信業,プライム
471A,7200,その他金融業,プライム
4720,9050,サービス業,スタンダード
4722,5250,情報・通信業,プライム
4725,5250,情報・通信業,プライム
4728,5250,情報・通信業,スタンダード
472A,5250,情報・通信業,グロース
4732,9050,サービス業,プライム
4733,5250,情報・通信業,プライム
4735,9050,サービス業,スタンダード
4736,5250,情報・通信業,スタンダード
4743,5250,情報・通信業,プライム
4746,5250,情報・通信業,スタンダード
4750,9050,サービス業,スタンダード
4751,9050,サービス業,プライム
4752,5250,情報・通信業,スタンダード
4754,9050,サービス業,スタンダード
4755,9050,サービス業,プライム
475A,9050,サービス業,スタンダード
4760,9050,サービス業,スタンダード
4761,5250,情報・通信業,スタンダード
4762,5250,情報・通信業,スタンダード
4763,9050,サービス業,プライム
4765,9050,サービス業,プライム
4766,9050,サービス業,スタンダード
4767,9050,サービス業,スタンダード
4768,5250,情報・通信業,プライム
4769,5250,情報・通信業,スタンダード
476A,5250,情報・通信業,スタンダード
4771,9050,サービス業,スタンダード
4772,5250,情報・通信業,グロース
4776,5250,情報・通信業,プライム
4777,5250,情報・通信業,スタンダード
477A,9050,サービス業,グロース
4783,5250,情報・通信業,スタンダード
4784,9050,サービス業,プライム
478A,5250,情報・通信業,グロース
4792,9050,サービス業,プライム
479A,5250,情報・通信業,グロース
4800,5250,情報・通信業,スタンダード
4801,9050,サービス業,プライム
4809,8050,不動産業,プライム
480A,9050,サービス業,グロース
4811,5250,情報・通信業,グロース
4812,5250,情報・通信業,プライム
4813,5250,情報・通信業,プライム
4814,5250,情報・通信業,スタンダード
4816,5250,情報・通信業,スタンダード
4819,5250,情報・通信業,プライム
4820,5250,情報・通信業,プライム
4825,5250,情報・通信業,プライム
4826,5250,情報・通信業,プライム
4828,5250,情報・通信業,プライム
4829,5250,情報・通信業,スタンダード
4832,5250,情報・通信業,スタンダード
4833,9050,サービス業,グロース
4838,5250,情報・通信業,スタンダード
4839,5250,情報・通信業,プライム
483A,5250,情報・通信業,スタンダード
4840,9050,サービス業,スタンダード
4845,5250,情報・通信業,スタンダード
4847,5250,情報・通信業,プライム
4848,9050,サービス業,プライム
4849,9050,サービス業,プライム
485A,3650,電気機器,グロース
4880,3250,医薬品,スタンダード
4881,3250,医薬品,グロース
4882,3250,医薬品,グロース
4883,3250,医薬品,グロース
4884,3250,医薬品,グロース
4885,3250,医薬品,スタンダード
4886,3250,医薬品,プライム
4887,3250,医薬品,プライム
4888,3250,医薬品,グロース
4889,3250,医薬品,グロース
4890,3250,医薬品,グロース
4891,3250,医薬品,グロース
4892,3250,医薬品,グロース
4893,3250,医薬品,グロース
4894,3250,医薬品,グロース
4896,3250,医薬品,グロース
4901,3200,化学,プライム
4902,3650,電気機器,プライム
4911,3200,化学,プライム
4912,3200,化学,プライム
4914,3200,化学,プライム
4918,3200,化学,スタンダード
4919,3200,化学,プライム
4920,3200,化学,スタンダード
4922,3200,化学,プライム
4923,3200,化学,プライム
4925,3200,化学,スタンダード
4926,3200,化学,スタンダード
4927,3200,化学,プライム
4928,3200,化学,プライム
4929,3200,化学,スタンダード
4931,3200,化学,プライム
4932,3200,化学,スタンダード
4933,3200,化学,プライム
4934,3200,化学,グロース
4935,3200,化学,スタンダード
4936,3200,化学,スタンダード
4937,3200,化学,グロース
4951,3200,化学,プライム
4956,3200,化学,プライム
4958,3200,化学,プライム
4960,3200,化学,スタンダード
4966,3200,化学,スタンダード
4967,3200,化学,プライム
4968,3200,化学,プライム
4970,3200,化学,スタンダード
4971,3200,化学,プライム
4972,3200,化学,スタンダード
4973,3200,化学,プライム
4975,3200,化学,プライム
4976,3200,化学,スタンダード
4977,3200,化学,スタンダード
4978,3200,化学,グロース
4979,3200,化学,スタンダード
4980,3200,化学,プライム
4985,3200,化学,プライム
4990,3200,化学,スタンダード
4992,3200,化学,スタンダード
4994,3200,化学,スタンダード
4996,3200,化学,プライム
4997,3200,化学,プライム
4998,3200,化学,スタンダード
500A,5250,情報・通信業,スタンダード
5010,3300,石油・石炭製品,スタンダード
5011,3300,石油・石炭製品,プライム
5013,3300,石油・石炭製品,スタンダード
5015,3300,石油・石炭製品,スタンダード
5016,3500,非鉄金属,プライム
5018,3300,石油・石炭製品,スタンダード
5019,3300,石油・石炭製品,プライム
5020,3300,石油・石炭製品,プライム
5021,3300,石油・石炭製品,プライム
5025,5250,情報・通信業,グロース
5026,5250,情報・通信業,グロース
5027,5250,情報・通信業,グロース
5028,5250,情報・通信業,グロース
5029,5250,情報・通信業,グロース
5031,5250,情報・通信業,グロース
5032,5250,情報・通信業,プライム
5033,5250,情報・通信業,グロース
5034,5250,情報・通信業,グロース
5035,5250,情報・通信業,グロース
5036,5250,情報・通信業,プライム
5038,5250,情報・通信業,グロース
504A,3250,医薬品,グロース
505A,9050,サービス業,スタンダード
5071,9050,サービス業,スタンダード
5074,2050,建設業,プライム
5076,2050,建設業,プライム
5078,2050,建設業,スタンダード
5079,2050,建設業,スタンダード
5101,3350,ゴム製品,プライム
5103,3350,ゴム製品,スタンダード
5105,3350,ゴム製品,プライム
5108,3350,ゴム製品,プライム
5110,3350,ゴム製品,プライム
5121,3350,ゴム製品,プライム
5122,3350,ゴム製品,プライム
5125,5250,情報・通信業,グロース
5126,5250,情報・通信業,グロース
5129,5250,情報・通信業,グロース
5131,5250,情報・通信業,グロース
5132,5250,情報・通信業,グロース
5133,5250,情報・通信業,スタンダード
5134,5250,情報・通信業,グロース
5136,5250,情報・通信業,グロース
5137,5250,情報・通信業,グロース
5138,5250,情報・通信業,グロース
5139,5250,情報・通信業,グロース
5142,3200,化学,プライム
5161,3350,ゴム製品,スタンダード
5162,3350,ゴム製品,スタンダード
5184,3350,ゴム製品,スタンダード
5185,3350,ゴム製品,プライム
5186,3350,ゴム製品,プライム
5187,3750,精密機器,スタンダード
5189,3350,ゴム製品,スタンダード
5192,3350,ゴム製品,プライム
5194,3350,ゴム製品,スタンダード
5195,3350,ゴム製品,プライム
5199,3350,ゴム製品,スタンダード
519A,5250,情報・通信業,グロース
5201,3400,ガラス・土石製品,プライム
5202,3400,ガラス・土石製品,プライム
5204,3400,ガラス・土石製品,スタンダード
5208,3200,化学,プライム
520A,3250,医薬品,グロース
5210,3400,ガラス・土石製品,スタンダード
5214,3400,ガラス・土石製品,プライム
5216,3400,ガラス・土石製品,スタンダード
5218,3400,ガラス・土石製品,スタンダード
5232,3400,ガラス・土石製品,プライム
5233,3400,ガラス・土石製品,プライム
5237,3400,ガラス・土石製品,スタンダード
523A,3550,金属製品,グロース
5240,5250,情報・通信業,グロース
5242,5250,情報・通信業,グロース
5243,5250,情報・通信業,グロース
5244,5250,情報・通信業,グロース
5246,5250,情報・通信業,グロース
5247,5250,情報・通信業,グロース
5248,5250,情報・通信業,グロース
5250,5250,情報・通信業,スタンダード
5252,5250,情報・通信業,グロース
5253,5250,情報・通信業,グロース
5254,5250,情報・通信業,グロース
5255,5250,情報・通信業,グロース
5256,5250,情報・通信業,グロース
5257,5250,情報・通信業,スタンダード
5258,5250,情報・通信業,グロース
5261,9050,サービス業,プライム
5262,3400,ガラス・土石製品,プライム
5268,3400,ガラス・土石製品,スタンダード
5269,3400,ガラス・土石製品,プライム
5271,3400,ガラス・土石製品,スタンダード
5273,3400,ガラス・土石製品,スタンダード
5279,3400,ガラス・土石製品,スタンダード
5280,8050,不動産業,スタンダード
5282,3400,ガラス・土石製品,スタンダード
5283,6050,卸売業,スタンダード
5284,3400,ガラス・土石製品,スタンダード
5285,3400,ガラス・土石製品,スタンダード
5287,3400,ガラス・土石製品,スタンダード
5288,3400,ガラス・土石製品,プライム
5290,3400,ガラス・土石製品,スタンダード
5301,3400,ガラス・土石製品,プライム
5302,3400,ガラス・土石製品,プライム
5304,3400,ガラス・土石製品,スタンダード
5310,3400,ガラス・土石製品,プライム
5331,3400,ガラス・土石製品,プライム
5332,3400,ガラス・土石製品,プライム
5333,3400,ガラス・土石製品,プライム
5334,3400,ガラス・土石製品,プライム
5337,3400,ガラス・土石製品,スタンダード
5341,3400,ガラス・土石製品,スタンダード
5344,3400,ガラス・土石製品,プライム
5351,3400,ガラス・土石製品,プライム
5355,3400,ガラス・土石製品,スタンダード
5356,3400,ガラス・土石製品,スタンダード
5357,3400,ガラス・土石製品,プライム
5363,3400,ガラス・土石製品,スタンダード
5367,3400,ガラス・土石製品,スタンダード
5368,3400,ガラス・土石製品,スタンダード
5380,3400,ガラス・土石製品,スタンダード
5381,3400,ガラス・土石製品,スタンダード
5384,3400,ガラス・土石製品,プライム
5388,3400,ガラス・土石製品,スタンダード
5391,3400,ガラス・土石製品,スタンダード
5393,3400,ガラス・土石製品,プライム
5401,3450,鉄鋼,プライム
5406,3450,鉄鋼,プライム
5408,3450,鉄鋼,プライム
5410,3450,鉄鋼,プライム
5411,3450,鉄鋼,プライム
5423,3450,鉄鋼,プライム
542A,3200,化学,グロース
543A,3700,輸送用機器,プライム
5440,3450,鉄鋼,プライム
5444,3450,鉄鋼,プライム
5445,3450,鉄鋼,プライム
5446,3450,鉄鋼,スタンダード
5449,3450,鉄鋼,スタンダード
544A,3600,機械,プライム
5451,3450,鉄鋼,プライム
5458,3450,鉄鋼,スタンダード
545A,5250,情報・通信業,プライム
5461,3450,鉄鋼,プライム
5463,3450,鉄鋼,プライム
5464,3450,鉄鋼,スタンダード
546A,6050,卸売業,プライム
5471,3450,鉄鋼,プライム
547A,7200,その他金融業,プライム
5480,3450,鉄鋼,プライム
5482,3450,鉄鋼,プライム
5484,3450,鉄鋼,スタンダード
548A,5250,情報・通信業,スタンダード
5491,3450,鉄鋼,スタンダード
549A,9050,サービス業,スタンダード
550A,5250,情報・通信業,スタンダード
5527,8050,不動産業,グロース
5532,8050,不動産業,グロース
5533,8050,不動産業,スタンダード
5535,8050,不動産業,プライム
5537,8050,不動産業,グロース
5541,3450,鉄鋼,プライム
5542,3450,鉄鋼,スタンダード
554A,5250,情報・通信業,グロース
5563,3450,鉄鋼,プライム
556A,6100,小売業,グロース
5570,5250,情報・通信業,グロース
5571,5250,情報・通信業,スタンダード
5572,5250,情報・通信業,グロース
5574,5250,情報・通信業,グロース
5575,5250,情報・通信業,グロース
5576,5250,情報・通信業,スタンダード
5578,5250,情報・通信業,グロース
5580,5250,情報・通信業,グロース
5582,5250,情報・通信業,グロース
5586,5250,情報・通信業,グロース
5587,5250,情報・通信業,グロース
5588,5250,情報・通信業,グロース
5589,5250,情報・通信業,スタンダード
558A,9050,サービス業,グロース
5590,5250,情報・通信業,グロース
5591,5250,情報・通信業,グロース
5592,5250,情報・通信業,グロース
5597,5250,情報・通信業,グロース
5599,5250,情報・通信業,グロース
559A,3050,食料品,スタンダード
5602,3450,鉄鋼,プライム
5603,3450,鉄鋼,スタンダード
5609,3450,鉄鋼,スタンダード
5612,3450,鉄鋼,スタンダード
5616,5250,情報・通信業,グロース
5618,5250,情報・通信業,グロース
5619,5250,情報・通信業,グロース
5621,5250,情報・通信業,グロース
5631,3600,機械,プライム
5632,3450,鉄鋼,プライム
5644,3450,鉄鋼,スタンダード
5658,3450,鉄鋼,スタンダード
5659,3450,鉄鋼,プライム
5660,3450,鉄鋼,スタンダード
5695,3450,鉄鋼,スタンダード
5697,3450,鉄鋼,スタンダード
5698,3450,鉄鋼,スタンダード
5699,3450,鉄鋼,スタンダード
5702,3500,非鉄金属,プライム
5703,3500,非鉄金属,プライム
5704,3500,非鉄金属,グロース
5706,3500,非鉄金属,プライム
5707,3500,非鉄金属,プライム
5711,3500,非鉄金属,プライム
5713,3500,非鉄金属,プライム
5714,3500,非鉄金属,プライム
5715,3500,非鉄金属,プライム
5721,3500,非鉄金属,スタンダード
5724,3500,非鉄金属,スタンダード
5726,3500,非鉄金属,プライム
5729,3500,非鉄金属,スタンダード
5741,3500,非鉄金属,プライム
5742,3500,非鉄金属,スタンダード
5753,3500,非鉄金属,スタンダード
5757,3500,非鉄金属,プライム
575A,3600,機械,プライム
5801,3500,非鉄金属,プライム
5802,3500,非鉄金属,プライム
5803,3500,非鉄金属,プライム
5805,3500,非鉄金属,プライム
5816,3500,非鉄金属,スタンダード
5817,3500,非鉄金属,スタンダード
5819,3500,非鉄金属,スタンダード
581A,5250,情報・通信業,グロース
5820,3500,非鉄金属,スタンダード
5821,3500,非鉄金属,プライム
5830,7050,銀行業,プライム
5831,7050,銀行業,プライム
5832,7050,銀行業,プライム
5834,7100,証券、商品先物取引業,グロース
5838,7050,銀行業,プライム
5842,7100,証券、商品先物取引業,グロース
5843,7200,その他金融業,スタンダード
5844,7050,銀行業,プライム
5845,7200,その他金融業,スタンダード
584A,5250,情報・通信業,グロース
5851,3500,非鉄金属,プライム
5852,3500,非鉄金属,プライム
5857,3500,非鉄金属,プライム
5858,3500,非鉄金属,グロース
5867,9050,サービス業,グロース
5868,9050,サービス業,スタンダード
5869,9050,サービス業,スタンダード
5870,9050,サービス業,グロース
5871,9050,サービス業,スタンダード
5884,6100,小売業,グロース
5885,6050,卸売業,スタンダード
5888,6100,小売業,グロース
5889,6100,小売業,プライム
5891,6100,小売業,スタンダード
5892,6100,小売業,グロース
589A,9050,サービス業,グロース
5900,3550,金属製品,スタンダード
5901,3550,金属製品,プライム
5902,3550,金属製品,プライム
5905,3550,金属製品,スタンダード
5906,3550,金属製品,スタンダード
5909,3550,金属製品,スタンダード
590A,5250,情報・通信業,プライム
5911,3550,金属製品,プライム
5915,3550,金属製品,スタンダード
5918,3550,金属製品,スタンダード
5921,3550,金属製品,スタンダード
5922,3550,金属製品,スタンダード
5923,3550,金属製品,スタンダード
5928,3550,金属製品,スタンダード
5929,3550,金属製品,プライム
5930,3550,金属製品,プライム
5932,3550,金属製品,プライム
5933,3550,金属製品,プライム
5936,3550,金属製品,スタンダード
5938,3550,金属製品,プライム
5939,3550,金属製品,スタンダード
593A,5250,情報・通信業,グロース
5940,3550,金属製品,スタンダード
5941,3550,金属製品,スタンダード
5942,3550,金属製品,スタンダード
5943,3550,金属製品,プライム
5945,3550,金属製品,スタンダード
5946,3550,金属製品,プライム
5947,3550,金属製品,プライム
5949,3700,輸送用機器,プライム
5950,3550,金属製品,スタンダード
5951,3550,金属製品,スタンダード
5952,3550,金属製品,スタンダード
5955,3550,金属製品,スタンダード
5956,3550,金属製品,スタンダード
5957,3550,金属製品,プライム
5958,3550,金属製品,スタンダード
5959,3550,金属製品,プライム
5962,3800,その他製品,スタンダード
5965,3550,金属製品,スタンダード
5966,3550,金属製品,スタンダード
5967,3550,金属製品,スタンダード
5969,3550,金属製品,スタンダード
5970,3550,金属製品,プライム
5971,3550,金属製品,スタンダード
5973,3550,金属製品,スタンダード
5974,3550,金属製品,スタンダード
5975,3550,金属製品,プライム
5976,3550,金属製品,プライム
5981,3550,金属製品,プライム
5982,3550,金属製品,スタンダード
5983,3550,金属製品,スタンダード
5984,3550,金属製品,スタンダード
5985,3550,金属製品,スタンダード
5986,3550,金属製品,スタンダード
5987,3550,金属製品,スタンダード
5988,3550,金属製品,プライム
5989,3550,金属製品,プライム
598A,5250,情報・通信業,グロース
5990,3550,金属製品,スタンダード
5991,3550,金属製品,プライム
5992,3550,金属製品,スタンダード
5994,3550,金属製品,スタンダード
5997,3550,金属製品,スタンダード
5998,3550,金属製品,スタンダード
6005,3600,機械,プライム
6013,3600,機械,プライム
6016,3700,輸送用機器,スタンダード
6018,3700,輸送用機器,スタンダード
6022,3600,機械,スタンダード
6023,3700,輸送用機器,スタンダード
6027,9050,サービス業,プライム
6029,9050,サービス業,スタンダード
6030,9050,サービス業,グロース
6031,9050,サービス業,グロース
6033,9050,サービス業,グロース
6034,9050,サービス業,グロース
6035,9050,サービス業,スタンダード
6036,9050,サービス業,プライム
6037,9050,サービス業,スタンダード
6038,9050,サービス業,グロース
6039,9050,サービス業,グロース
603A,4050,電気・ガス業,グロース
6040,9050,サービス業,グロース
6042,3700,輸送用機器,スタンダード
6044,9050,サービス業,スタンダード
6045,9050,サービス業,グロース
6046,9050,サービス業,スタンダード
6047,9050,サービス業,スタンダード
6049,9050,サービス業,グロース
604A,2050,建設業,スタンダード
6050,9050,サービス業,プライム
6054,9050,サービス業,スタンダード
6055,9050,サービス業,プライム
6058,9050,サービス業,プライム
6059,9050,サービス業,スタンダード
6061,9050,サービス業,スタンダード
6062,9050,サービス業,プライム
6063,9050,サービス業,スタンダード
6069,9050,サービス業,グロース
6070,9050,サービス業,プライム
6071,9050,サービス業,プライム
6072,9050,サービス業,スタンダード
6073,9050,サービス業,プライム
6074,9050,サービス業,スタンダード
6078,9050,サービス業,プライム
6080,9050,サービス業,プライム
6081,9050,サービス業,グロース
6082,9050,サービス業,スタンダード
6083,9050,サービス業,スタンダード
6085,9050,サービス業,グロース
6086,9050,サービス業,グロース
6087,9050,サービス業,スタンダード
6088,9050,サービス業,プライム
6089,9050,サービス業,プライム
6090,9050,サービス業,スタンダード
6091,9050,サービス業,スタンダード
6092,9050,サービス業,スタンダード
6093,9050,サービス業,スタンダード
6094,9050,サービス業,グロース
6098,9050,サービス業,プライム
6099,9050,サービス業,プライム
6101,3600,機械,プライム
6103,3600,機械,プライム
6104,3600,機械,プライム
6113,3600,機械,プライム
6118,3600,機械,プライム
6125,3600,機械,スタンダード
6134,3600,機械,プライム
6135,3600,機械,プライム
6136,3600,機械,プライム
6137,3600,機械,スタンダード
6138,3600,機械,スタンダード
6140,3600,機械,プライム
6141,3600,機械,プライム
6143,3600,機械,プライム
6144,3600,機械,スタンダード
6145,3600,機械,スタンダード
6146,3600,機械,プライム
6147,3600,機械,スタンダード
6149,3600,機械,スタンダード
6150,3600,機械,スタンダード
6151,3600,機械,プライム
6155,3600,機械,スタンダード
6156,3600,機械,スタンダード
6157,3600,機械,スタンダード
6158,3600,機械,スタンダード
6159,3600,機械,スタンダード
6161,3600,機械,スタンダード
6165,3600,機械,スタンダード
6166,3600,機械,グロース
6167,3600,機械,プライム
6171,9050,サービス業,スタンダード
6176,9050,サービス業,スタンダード
6177,9050,サービス業,グロース
6178,9050,サービス業,プライム
6180,9050,サービス業,グロース
6181,9050,サービス業,グロース
6182,9050,サービス業,グロース
6183,9050,サービス業,プライム
6184,9050,サービス業,プライム
6185,9050,サービス業,スタンダード
6186,9050,サービス業,スタンダード
6189,9050,サービス業,スタンダード
6190,9050,サービス業,グロース
6191,9050,サービス業,プライム
6193,9050,サービス業,グロース
6194,9050,サービス業,プライム
6195,9050,サービス業,グロース
6196,9050,サービス業,プライム
6197,9050,サービス業,プライム
6198,9050,サービス業,グロース
6199,5250,情報・通信業,スタンダード
6200,9050,サービス業,プライム
6203,3600,機械,スタンダード
6208,3600,機械,スタンダード
6209,3600,機械,プライム
6217,3600,機械,スタンダード
6218,3600,機械,スタンダード
6222,3600,機械,プライム
6223,3600,機械,スタンダード
6224,3600,機械,グロース
6226,3600,機械,スタンダード
6227,3600,機械,スタンダード
6228,3600,機械,スタンダード
6229,3600,機械,スタンダード
6230,3600,機械,スタンダード
6231,3600,機械,スタンダード
6232,3600,機械,グロース
6233,3600,機械,スタンダード
6235,3600,機械,プライム
6237,3600,機械,プライム
6238,3600,機械,プライム
6239,3600,機械,スタンダード
6240,3600,機械,プライム
6245,3600,機械,スタンダード
6246,3600,機械,スタンダード
6247,3600,機械,プライム
6248,3600,機械,スタンダード
6249,3600,機械,スタンダード
6250,3600,機械,プライム
6254,3600,機械,プライム
6255,3600,機械,グロース
6257,3600,機械,スタンダード
6258,3600,機械,プライム
6262,3600,機械,スタンダード
6264,3600,機械,プライム
6265,3600,機械,スタンダード
6266,3600,機械,プライム
6267,3600,機械,スタンダード
6268,3600,機械,プライム
6269,3600,機械,プライム
6272,3600,機械,プライム
6273,3600,機械,プライム
6276,3650,電気機器,スタンダード
6277,3600,機械,プライム
6278,3600,機械,プライム
6279,3600,機械,プライム
6282,3600,機械,プライム
6284,3600,機械,プライム
6286,3600,機械,スタンダード
6287,3600,機械,プライム
6289,3600,機械,プライム
6291,3600,機械,スタンダード
6292,3600,機械,スタンダード
6294,3600,機械,プライム
6298,3600,機械,プライム
6301,3600,機械,プライム
6302,3600,機械,プライム
6305,3600,機械,プライム
6306,3600,機械,プライム
6307,3600,機械,スタンダード
6309,3600,機械,プライム
6310,3600,機械,プライム
6315,3600,機械,プライム
6316,3600,機械,スタンダード
6317,3600,機械,スタンダード
6322,3600,機械,スタンダード
6323,3600,機械,プライム
6324,3600,機械,プライム
6325,3600,機械,スタンダード
6326,3600,機械,プライム
6327,3600,機械,スタンダード
6328,3600,機械,プライム
6330,2050,建設業,プライム
6331,3600,機械,プライム
6332,3600,機械,プライム
6333,3600,機械,プライム
6334,3600,機械,スタンダード
6335,3600,機械,スタンダード
6336,3600,機械,スタンダード
6337,3600,機械,スタンダード
6338,3600,機械,スタンダード
6339,3600,機械,プライム
6340,3600,機械,プライム
6342,3600,機械,スタンダード
6343,3600,機械,スタンダード
6345,3600,機械,プライム
6346,3600,機械,スタンダード
6347,3600,機械,スタンダード
6349,3600,機械,プライム
6351,3600,機械,プライム
6356,3600,機械,スタンダード
6357,3600,機械,スタンダード
6358,3600,機械,プライム
6360,3600,機械,スタンダード
6361,3600,機械,プライム
6363,3600,機械,プライム
6364,3600,機械,プライム
6365,3600,機械,スタンダード
6366,2050,建設業,スタンダード
6367,3600,機械,プライム
6368,3600,機械,プライム
6369,3600,機械,プライム
6370,3600,機械,プライム
6371,3600,機械,プライム
6376,3750,精密機器,プライム
6378,3600,機械,スタンダード
6379,2050,建設業,プライム
6380,3600,機械,スタンダード
6381,3600,機械,プライム
6382,3600,機械,スタンダード
6383,3600,機械,プライム
6384,3600,機械,スタンダード
6387,3600,機械,プライム
6390,3600,機械,プライム
6391,3600,機械,スタンダード
6392,3600,機械,スタンダード
6393,3600,機械,スタンダード
6395,3600,機械,プライム
6396,3600,機械,スタンダード
6400,3600,機械,スタンダード
6402,3600,機械,スタンダード
6405,3600,機械,スタンダード
6407,3600,機械,プライム
6408,3600,機械,スタンダード
6412,3600,機械,プライム
6413,3600,機械,プライム
6417,3600,機械,プライム
6418,3600,機械,プライム
6419,3600,機械,プライム
6420,3600,機械,プライム
6424,3600,機械,スタンダード
6425,3600,機械,スタンダード
6428,3600,機械,スタンダード
6430,3600,機械,プライム
6432,3600,機械,プライム
6433,3600,機械,スタンダード
6436,3600,機械,プライム
6440,3600,機械,プライム
6444,3600,機械,スタンダード
6445,3600,機械,プライム
6448,3650,電気機器,プライム
6454,3600,機械,プライム
6455,3700,輸送用機器,プライム
6457,3600,機械,プライム
6458,3600,機械,プライム
6459,3600,機械,プライム
6460,3600,機械,プライム
6463,3600,機械,プライム
6464,3600,機械,プライム
6465,3600,機械,プライム
6466,3600,機械,スタンダード
6467,3600,機械,スタンダード
6469,3600,機械,スタンダード
6470,3600,機械,スタンダード
6471,3600,機械,プライム
6472,3600,機械,プライム
6473,3600,機械,プライム
6474,3600,機械,プライム
6479,3650,電気機器,プライム
6480,3600,機械,プライム
6481,3600,機械,プライム
6482,3600,機械,スタンダード
6484,3600,機械,スタンダード
6485,3600,機械,スタンダード
6486,3600,機械,プライム
6488,3600,機械,スタンダード
6490,3600,機械,プライム
6492,3600,機械,スタンダード
6493,3700,輸送用機器,スタンダード
6494,3600,機械,スタンダード
6495,3600,機械,スタンダード
6496,3600,機械,スタンダード
6497,3600,機械,スタンダード
6498,3600,機械,プライム
6501,3650,電気機器,プライム
6503,3650,電気機器,プライム
6504,3650,電気機器,プライム
6505,3650,電気機器,スタンダード
6506,3650,電気機器,プライム
6507,3650,電気機器,プライム
6508,3650,電気機器,プライム
6513,3650,電気機器,スタンダード
6516,3650,電気機器,プライム
6517,3650,電気機器,プライム
6518,3650,電気機器,スタンダード
6521,3650,電気機器,グロース
6522,3650,電気機器,グロース
6523,3650,電気機器,プライム
6524,3650,電気機器,スタンダード
6525,3650,電気機器,プライム
6526,3650,電気機器,プライム
6532,9050,サービス業,プライム
6533,9050,サービス業,プライム
6535,9050,サービス業,プライム
6537,9050,サービス業,グロース
6538,9050,サービス業,スタンダード
6539,9050,サービス業,プライム
6540,9050,サービス業,スタンダード
6543,9050,サービス業,スタンダード
6544,9050,サービス業,プライム
6545,9050,サービス業,グロース
6546,9050,サービス業,スタンダード
6547,9050,サービス業,スタンダード
6548,9050,サービス業,グロース
6549,9050,サービス業,スタンダード
6551,9050,サービス業,スタンダード
6552,9050,サービス業,スタンダード
6554,9050,サービス業,グロース
6555,9050,サービス業,スタンダード
6557,9050,サービス業,グロース
6558,9050,サービス業,グロース
6560,9050,サービス業,プライム
6561,9050,サービス業,グロース
6562,9050,サービス業,グロース
6563,9050,サービス業,グロース
6564,9050,サービス業,プライム
6566,9050,サービス業,スタンダード
6568,9050,サービス業,グロース
6570,9050,サービス業,スタンダード
6571,9050,サービス業,プライム
6572,9050,サービス業,プライム
6573,9050,サービス業,グロース
6574,9050,サービス業,グロース
6577,9050,サービス業,グロース
6578,9050,サービス業,スタンダード
6579,9050,サービス業,グロース
6580,9050,サービス業,グロース
6584,3700,輸送用機器,プライム
6586,3600,機械,プライム
6588,3650,電気機器,プライム
6590,3650,電気機器,プライム
6592,3650,電気機器,プライム
6594,3650,電気機器,プライム
6597,3650,電気機器,グロース
6599,3650,電気機器,スタンダード
6612,3650,電気機器,グロース
6613,3650,電気機器,グロース
6614,3650,電気機器,スタンダード
6615,3650,電気機器,プライム
6616,3650,電気機器,プライム
6617,3650,電気機器,プライム
6619,3650,電気機器,プライム
6620,8050,不動産業,プライム
6622,3650,電気機器,プライム
6625,8050,不動産業,スタンダード
6626,3650,電気機器,スタンダード
6627,3650,電気機器,スタンダード
6629,3650,電気機器,スタンダード
6630,3650,電気機器,プライム
6632,3650,電気機器,プライム
6633,3650,電気機器,スタンダード
6634,3650,電気機器,スタンダード
6635,3650,電気機器,スタンダード
6637,3650,電気機器,スタンダード
6638,3650,電気機器,プライム
6643,3650,電気機器,スタンダード
6644,3650,電気機器,プライム
6645,3650,電気機器,プライム
6647,3650,電気機器,スタンダード
6648,3650,電気機器,スタンダード
6651,3650,電気機器,プライム
6652,3650,電気機器,プライム
6653,3650,電気機器,プライム
6654,3650,電気機器,スタンダード
6656,3650,電気機器,スタンダード
6658,3650,電気機器,スタンダード
6659,3650,電気機器,スタンダード
6662,3650,電気機器,スタンダード
6663,3650,電気機器,スタンダード
6664,3650,電気機器,スタンダード
6666,3650,電気機器,スタンダード
6668,3650,電気機器,スタンダード
6674,3650,電気機器,プライム
6675,3650,電気機器,スタンダード
6676,3650,電気機器,スタンダード
6677,3650,電気機器,スタンダード
6678,3650,電気機器,スタンダード
6694,3650,電気機器,スタンダード
6696,3650,電気機器,グロース
6699,3650,電気機器,スタンダード
6701,3650,電気機器,プライム
6702,3650,電気機器,プライム
6703,3650,電気機器,プライム
6706,3650,電気機器,プライム
6707,3650,電気機器,プライム
6718,3650,電気機器,プライム
6721,3650,電気機器,スタンダード
6723,3650,電気機器,プライム
6724,3650,電気機器,プライム
6727,3650,電気機器,プライム
6728,3650,電気機器,プライム
6730,3650,電気機器,スタンダード
6731,3650,電気機器,スタンダード
6736,3650,電気機器,スタンダード
6737,3650,電気機器,プライム
6740,3650,電気機器,プライム
6741,3650,電気機器,プライム
6742,3650,電気機器,プライム
6743,3650,電気機器,スタンダード
6744,3650,電気機器,プライム
6745,3650,電気機器,プライム
6748,3650,電気機器,スタンダード
6750,3650,電気機器,プライム
6752,3650,電気機器,プライム
6753,3650,電気機器,プライム
6754,3650,電気機器,プライム
6757,3650,電気機器,スタンダード
6758,3650,電気機器,プライム
6762,3650,電気機器,プライム
6763,3650,電気機器,プライム
6768,3650,電気機器,プライム
6769,3650,電気機器,スタンダード
6770,3650,電気機器,プライム
6771,3650,電気機器,スタンダード
6772,3650,電気機器,スタンダード
6775,3650,電気機器,スタンダード
6776,3200,化学,スタンダード
6777,3650,電気機器,スタンダード
6778,3650,電気機器,スタンダード
6779,3650,電気機器,プライム
6785,3650,電気機器,プライム
6786,9050,サービス業,スタンダード
6787,3650,電気機器,プライム
6788,3650,電気機器,プライム
6794,3650,電気機器,プライム
6797,3650,電気機器,スタンダード
6798,3650,電気機器,プライム
6800,3650,電気機器,プライム
6803,3650,電気機器,スタンダード
6804,3650,電気機器,プライム
6806,3650,電気機器,プライム
6807,3650,電気機器,プライム
6809,3650,電気機器,プライム
6810,3650,電気機器,プライム
6814,3650,電気機器,プライム
6817,3650,電気機器,プライム
6819,9050,サービス業,スタンダード
6820,3650,電気機器,プライム
6822,3650,電気機器,スタンダード
6823,3650,電気機器,プライム
6824,3650,電気機器,スタンダード
6832,3650,電気機器,スタンダード
6834,3650,電気機器,スタンダード
6835,3650,電気機器,スタンダード
6836,3650,電気機器,スタンダード
6837,3650,電気機器,スタンダード
6838,3650,電気機器,スタンダード
6840,3650,電気機器,スタンダード
6841,3650,電気機器,プライム
6844,3650,電気機器,プライム
6845,3650,電気機器,プライム
6848,3650,電気機器,スタンダード
6849,3650,電気機器,プライム
6850,3650,電気機器,プライム
6853,3650,電気機器,スタンダード
6855,3650,電気機器,スタンダード
6856,3650,電気機器,プライム
6857,3650,電気機器,プライム
6858,3650,電気機器,スタンダード
6859,3650,電気機器,プライム
6861,3650,電気機器,プライム
6862,3650,電気機器,スタンダード
6863,3650,電気機器,スタンダード
6864,3650,電気機器,スタンダード
6866,3650,電気機器,プライム
6867,3650,電気機器,スタンダード
6869,3650,電気機器,プライム
6870,3650,電気機器,スタンダード
6871,3650,電気機器,プライム
6874,3650,電気機器,スタンダード
6875,3650,電気機器,プライム
6877,3650,電気機器,スタンダード
6882,3650,電気機器,スタンダード
6888,5250,情報・通信業,スタンダード
6890,3650,電気機器,スタンダード
6894,3650,電気機器,スタンダード
6897,3650,電気機器,スタンダード
6898,3650,電気機器,スタンダード
6899,3650,電気機器,スタンダード
6902,3700,輸送用機器,プライム
6904,3650,電気機器,スタンダード
6905,3650,電気機器,プライム
6907,3650,電気機器,スタンダード
6908,3650,電気機器,プライム
6912,3650,電気機器,スタンダード
6914,3650,電気機器,プライム
6915,3650,電気機器,スタンダード
6918,3650,電気機器,スタンダード
6919,3650,電気機器,スタンダード
6920,3650,電気機器,プライム
6923,3650,電気機器,プライム
6925,3650,電気機器,プライム
6926,3650,電気機器,スタンダード
6927,3650,電気機器,スタンダード
6928,3650,電気機器,スタンダード
6929,3650,電気機器,プライム
6932,3650,電気機器,スタンダード
6941,3650,電気機器,プライム
6942,5250,情報・通信業,スタンダード
6943,3650,電気機器,スタンダード
6946,3650,電気機器,スタンダード
6947,3650,電気機器,プライム
6951,3650,電気機器,プライム
6952,3650,電気機器,プライム
6954,3650,電気機器,プライム
6955,3650,電気機器,スタンダード
6958,3650,電気機器,プライム
6960,3650,電気機器,スタンダード
6961,3650,電気機器,プライム
6962,3650,電気機器,プライム
6963,3650,電気機器,プライム
6964,3650,電気機器,スタンダード
6965,3650,電気機器,プライム
6966,3650,電気機器,プライム
6969,3650,電気機器,スタンダード
6971,3650,電気機器,プライム
6976,3650,電気機器,プライム
6977,3650,電気機器,スタンダード
6981,3650,電気機器,プライム
6982,3700,輸送用機器,スタンダード
6986,3650,電気機器,プライム
6988,3200,化学,プライム
6989,3650,電気機器,スタンダード
6993,6100,小売業,スタンダード
6994,3650,電気機器,スタンダード
6995,3700,輸送用機器,プライム
6996,3650,電気機器,プライム
6997,3650,電気機器,プライム
6998,3650,電気機器,スタンダード
6999,3650,電気機器,プライム
7003,3600,機械,プライム
7004,3600,機械,プライム
7011,3600,機械,プライム
7012,3700,輸送用機器,プライム
7013,3600,機械,プライム
7014,3700,輸送用機器,スタンダード
7018,3700,輸送用機器,スタンダード
7021,3600,機械,スタンダード
7022,3600,機械,スタンダード
7030,9050,サービス業,スタンダード
7031,9050,サービス業,グロース
7033,9050,サービス業,プライム
7034,9050,サービス業,プライム
7035,9050,サービス業,スタンダード
7036,9050,サービス業,グロース
7037,9050,サービス業,スタンダード
7038,9050,サービス業,プライム
7039,9050,サービス業,グロース
7040,9050,サービス業,スタンダード
7041,9050,サービス業,グロース
7042,9050,サービス業,スタンダード
7043,9050,サービス業,グロース
7044,9050,サービス業,スタンダード
7046,9050,サービス業,グロース
7047,9050,サービス業,グロース
7048,9050,サービス業,グロース
7049,9050,サービス業,グロース
7050,9050,サービス業,グロース
7057,9050,サービス業,スタンダード
7058,9050,サービス業,スタンダード
7059,9050,サービス業,プライム
7060,9050,サービス業,スタンダード
7061,9050,サービス業,グロース
7062,9050,サービス業,グロース
7063,9050,サービス業,グロース
7064,9050,サービス業,スタンダード
7065,9050,サービス業,スタンダード
7066,9050,サービス業,グロース
7067,9050,サービス業,グロース
7068,9050,サービス業,グロース
7069,9050,サービス業,グロース
7071,9050,サービス業,プライム
7072,9050,サービス業,グロース
7073,9050,サービス業,グロース
7074,9050,サービス業,グロース
7075,9050,サービス業,グロース
7077,9050,サービス業,グロース
7078,9050,サービス業,グロース
7079,9050,サービス業,グロース
7080,9050,サービス業,グロース
7081,9050,サービス業,スタンダード
7082,9050,サービス業,グロース
7083,9050,サービス業,グロース
7084,9050,サービス業,グロース
7085,9050,サービス業,プライム
7087,9050,サービス業,スタンダード
7089,9050,サービス業,グロース
7090,9050,サービス業,グロース
7091,9050,サービス業,グロース
7093,9050,サービス業,グロース
7094,9050,サービス業,グロース
7095,9050,サービス業,プライム
7096,9050,サービス業,グロース
7097,9050,サービス業,グロース
7102,3700,輸送用機器,プライム
7110,6100,小売業,グロース
7111,6050,卸売業,スタンダード
7112,6100,小売業,グロース
7114,6050,卸売業,グロース
7115,6050,卸売業,スタンダード
7119,6100,小売業,グロース
7120,6050,卸売業,スタンダード
7122,3700,輸送用機器,スタンダード
7126,6100,小売業,スタンダード
7127,6100,小売業,スタンダード
7128,6050,卸売業,プライム
7129,6100,小売業,スタンダード
7130,6050,卸売業,プライム
7131,6050,卸売業,スタンダード
7133,6100,小売業,グロース
7134,6100,小売業,スタンダード
7135,6100,小売業,スタンダード
7138,6100,小売業,グロース
7140,6100,小売業,グロース
7148,7100,証券、商品先物取引業,プライム
7150,7050,銀行業,スタンダード
7157,7150,保険業,プライム
7161,7050,銀行業,スタンダード
7162,4050,電気・ガス業,スタンダード
7164,7200,その他金融業,プライム
7167,7050,銀行業,プライム
7172,7100,証券、商品先物取引業,プライム
7173,7050,銀行業,プライム
7175,7100,証券、商品先物取引業,スタンダード
7177,7100,証券、商品先物取引業,スタンダード
7180,7050,銀行業,プライム
7181,7150,保険業,プライム
7182,7050,銀行業,プライム
7183,7200,その他金融業,スタンダード
7184,7050,銀行業,プライム
7185,7100,証券、商品先物取引業,スタンダード
7186,7050,銀行業,プライム
7187,7200,その他金融業,プライム
7189,7050,銀行業,プライム
7191,7200,その他金融業,スタンダード
7192,7200,その他金融業,スタンダード
7196,7200,その他金融業,スタンダード
7198,7200,その他金融業,プライム
7199,7200,その他金融業,プライム
7201,3700,輸送用機器,プライム
7202,3700,輸送用機器,プライム
7203,3700,輸送用機器,プライム
7208,3700,輸送用機器,スタンダード
7211,3700,輸送用機器,プライム
7212,3700,輸送用機器,スタンダード
7213,3700,輸送用機器,スタンダード
7214,3700,輸送用機器,スタンダード
7215,3700,輸送用機器,スタンダード
7217,3700,輸送用機器,スタンダード
7218,3700,輸送用機器,スタンダード
7219,3700,輸送用機器,スタンダード
7220,3700,輸送用機器,プライム
7222,3700,輸送用機器,スタンダード
7224,3700,輸送用機器,プライム
7226,3700,輸送用機器,プライム
7228,3700,輸送用機器,スタンダード
7231,3700,輸送用機器,プライム
7235,3700,輸送用機器,スタンダード
7236,3700,輸送用機器,プライム
7238,3700,輸送用機器,プライム
7239,3700,輸送用機器,プライム
7240,3700,輸送用機器,プライム
7241,3700,輸送用機器,プライム
7242,3700,輸送用機器,プライム
7244,3650,電気機器,プライム
7245,3700,輸送用機器,プライム
7246,3700,輸送用機器,プライム
7247,3700,輸送用機器,スタンダード
7254,3700,輸送用機器,スタンダード
7255,3700,輸送用機器,スタンダード
7256,3700,輸送用機器,スタンダード
7259,3700,輸送用機器,プライム
7261,3700,輸送用機器,プライム
7264,3700,輸送用機器,スタンダード
7265,3700,輸送用機器,スタンダード
7266,3700,輸送用機器,スタンダード
7267,3700,輸送用機器,プライム
7269,3700,輸送用機器,プライム
7270,3700,輸送用機器,プライム
7271,3700,輸送用機器,スタンダード
7272,3700,輸送用機器,プライム
7273,3700,輸送用機器,スタンダード
7276,3650,電気機器,プライム
7277,3700,輸送用機器,スタンダード
7278,3700,輸送用機器,プライム
7279,3700,輸送用機器,スタンダード
7280,3650,電気機器,プライム
7282,3700,輸送用機器,プライム
7283,3700,輸送用機器,プライム
7284,3700,輸送用機器,スタンダード
7287,3700,輸送用機器,スタンダード
7291,3700,輸送用機器,スタンダード
7292,3700,輸送用機器,スタンダード
7294,3700,輸送用機器,プライム
7296,3700,輸送用機器,プライム
7297,3700,輸送用機器,スタンダード
7299,3700,輸送用機器,スタンダード
7305,3450,鉄鋼,スタンダード
7309,3700,輸送用機器,プライム
7313,3700,輸送用機器,プライム
7314,3700,輸送用機器,スタンダード
7318,3700,輸送用機器,グロース
7320,7200,その他金融業,グロース
7322,7050,銀行業,プライム
7325,7150,保険業,グロース
7326,7150,保険業,グロース
7327,7050,銀行業,プライム
7337,7050,銀行業,プライム
7343,7150,保険業,グロース
7345,7200,その他金融業,グロース
7347,7100,証券、商品先物取引業,プライム
7350,7050,銀行業,プライム
7351,9050,サービス業,グロース
7352,9050,サービス業,グロース
7353,9050,サービス業,グロース
7354,9050,サービス業,スタンダード
7356,9050,サービス業,グロース
7357,9050,サービス業,スタンダード
7358,9050,サービス業,スタンダード
7359,9050,サービス業,グロース
7360,9050,サービス業,グロース
7361,9050,サービス業,グロース
7362,9050,サービス業,グロース
7363,9050,サービス業,グロース
7366,9050,サービス業,プライム
7367,9050,サービス業,スタンダード
7368,9050,サービス業,スタンダード
7369,9050,サービス業,グロース
7370,9050,サービス業,グロース
7371,9050,サービス業,グロース
7372,9050,サービス業,グロース
7373,9050,サービス業,グロース
7374,9050,サービス業,グロース
7375,9050,サービス業,グロース
7376,9050,サービス業,グロース
7377,9050,サービス業,スタンダード
7378,9050,サービス業,グロース
7380,7050,銀行業,プライム
7381,7050,銀行業,プライム
7383,7200,その他金融業,プライム
7384,7050,銀行業,プライム
7388,7150,保険業,プライム
7389,7050,銀行業,プライム
7399,3700,輸送用機器,スタンダード
7409,3700,輸送用機器,グロース
7412,6100,小売業,スタンダード
7413,6050,卸売業,スタンダード
7414,6050,卸売業,プライム
7416,6100,小売業,スタンダード
7417,6050,卸売業,スタンダード
7419,6100,小売業,プライム
7421,6100,小売業,プライム
7422,6050,卸売業,スタンダード
7425,6050,卸売業,スタンダード
7426,6050,卸売業,スタンダード
7427,6050,卸売業,スタンダード
7433,6050,卸売業,プライム
7434,6050,卸売業,スタンダード
7435,6050,卸売業,スタンダード
7438,6050,卸売業,プライム
7442,6050,卸売業,スタンダード
7443,6050,卸売業,スタンダード
7444,6050,卸売業,スタンダード
7446,6050,卸売業,スタンダード
7447,6050,卸売業,プライム
7453,6100,小売業,プライム
7456,6050,卸売業,プライム
7458,6050,卸売業,プライム
7459,6050,卸売業,プライム
7460,6050,卸売業,スタンダード
7461,6050,卸売業,スタンダード
7462,6100,小売業,スタンダード
7463,6100,小売業,スタンダード
7464,6050,卸売業,スタンダード
7466,6050,卸売業,プライム
7472,6050,卸売業,スタンダード
7475,6100,小売業,プライム
7476,6050,卸売業,プライム
7477,6050,卸売業,スタンダード
7480,6050,卸売業,スタンダード
7481,6050,卸売業,スタンダード
7482,6050,卸売業,プライム
7483,6050,卸売業,プライム
7486,6050,卸売業,スタンダード
7487,6050,卸売業,スタンダード
7490,6050,卸売業,スタンダード
7494,6100,小売業,スタンダード
7500,6050,卸売業,スタンダード
7501,6050,卸売業,スタンダード
7502,9050,サービス業,スタンダード
7504,6050,卸売業,プライム
7505,6050,卸売業,スタンダード
7506,6100,小売業,スタンダード
7508,6100,小売業,プライム
7509,6100,小売業,スタンダード
7510,6050,卸売業,プライム
7512,6100,小売業,スタンダード
7513,6100,小売業,プライム
7514,6100,小売業,スタンダード
7515,6100,小売業,スタンダード
7516,6100,小売業,プライム
7520,6100,小売業,プライム
7521,6050,卸売業,スタンダード
7522,6100,小売業,プライム
7523,6100,小売業,スタンダード
7524,6100,小売業,スタンダード
7525,6050,卸売業,プライム
7527,5250,情報・通信業,スタンダード
7531,6050,卸売業,スタンダード
7532,6100,小売業,プライム
7537,6050,卸売業,プライム
7538,6050,卸売業,スタンダード
7539,6050,卸売業,スタンダード
7544,6100,小売業,スタンダード
7545,6100,小売業,プライム
7550,6100,小売業,プライム
7551,3700,輸送用機器,スタンダード
7552,6050,卸売業,プライム
7554,6100,小売業,プライム
7555,6050,卸売業,スタンダード
7561,6100,小売業,スタンダード
7562,6100,小売業,スタンダード
7564,6100,小売業,スタンダード
7565,6050,卸売業,スタンダード
7567,6050,卸売業,スタンダード
7570,6050,卸売業,スタンダード
7571,6100,小売業,スタンダード
7575,6050,卸売業,プライム
7578,6100,小売業,スタンダード
7581,6100,小売業,プライム
7585,6100,小売業,スタンダード
7590,6050,卸売業,スタンダード
7593,6100,小売業,プライム
7595,5250,情報・通信業,プライム
7596,6100,小売業,プライム
7599,6050,卸売業,プライム
7600,3750,精密機器,プライム
7601,6100,小売業,スタンダード
7602,6050,卸売業,スタンダード
7603,6100,小売業,スタンダード
7604,6100,小売業,スタンダード
7606,6100,小売業,プライム
7607,6050,卸売業,プライム
7608,6050,卸売業,スタンダード
7609,6050,卸売業,プライム
7610,6100,小売業,スタンダード
7611,6100,小売業,プライム
7613,6050,卸売業,プライム
7614,6100,小売業,スタンダード
7615,6100,小売業,スタンダード
7616,6100,小売業,プライム
7619,6050,卸売業,スタンダード
7621,6100,小売業,スタンダード
7624,6050,卸売業,スタンダード
7625,6100,小売業,スタンダード
7628,6050,卸売業,プライム
7630,6100,小売業,プライム
7634,6050,卸売業,スタンダード
7636,6100,小売業,スタンダード
7637,6050,卸売業,プライム
7638,6100,小売業,スタンダード
7640,6100,小売業,スタンダード
7643,6100,小売業,スタンダード
7646,6100,小売業,スタンダード
7649,6100,小売業,プライム
7670,6050,卸売業,スタンダード
7673,6050,卸売業,スタンダード
7674,6100,小売業,グロース
7677,6050,卸売業,スタンダード
7678,6100,小売業,スタンダード
7679,6100,小売業,プライム
7681,6050,卸売業,スタンダード
7682,6100,小売業,スタンダード
7683,6100,小売業,プライム
7685,6050,卸売業,グロース
7686,6100,小売業,スタンダード
7687,6050,卸売業,グロース
7689,6050,卸売業,グロース
7692,4050,電気・ガス業,スタンダード
7694,6100,小売業,グロース
7695,6100,小売業,グロース
7698,6050,卸売業,スタンダード
7701,3750,精密機器,プライム
7702,3750,精密機器,スタンダード
7707,3750,精密機器,グロース
7709,3750,精密機器,スタンダード
7711,3750,精密機器,スタンダード
7713,3750,精密機器,スタンダード
7715,3750,精密機器,プライム
7716,3750,精密機器,スタンダード
7717,3750,精密機器,プライム
7719,3750,精密機器,スタンダード
7721,3750,精密機器,プライム
7722,3750,精密機器,スタンダード
7723,3750,精密機器,プライム
7725,3750,精密機器,プライム
7726,3600,機械,スタンダード
7727,3750,精密機器,スタンダード
7729,3750,精密機器,プライム
7730,3750,精密機器,プライム
7731,3750,精密機器,プライム
7733,3750,精密機器,プライム
7734,3750,精密機器,プライム
7735,3650,電気機器,プライム
7740,3750,精密機器,プライム
7741,3750,精密機器,プライム
7743,3750,精密機器,スタンダード
7744,3750,精密機器,プライム
7745,3750,精密機器,プライム
7746,3750,精密機器,スタンダード
7747,3750,精密機器,プライム
7749,3750,精密機器,スタンダード
7751,3650,電気機器,プライム
7752,3650,電気機器,プライム
7760,3750,精密機器,スタンダード
7762,3750,精密機器,プライム
7769,3750,精密機器,プライム
7771,3750,精密機器,スタンダード
7774,3750,精密機器,グロース
7775,3750,精密機器,スタンダード
7776,3750,精密機器,グロース
7777,3750,精密機器,グロース
7779,3750,精密機器,グロース
7780,3750,精密機器,プライム
7781,3750,精密機器,スタンダード
7782,3750,精密機器,スタンダード
7791,3800,その他製品,スタンダード
7792,3800,その他製品,グロース
7793,3800,その他製品,グロース
7794,3800,その他製品,グロース
7795,3800,その他製品,スタンダード
7800,3800,その他製品,スタンダード
7803,3800,その他製品,グロース
7804,3800,その他製品,スタンダード
7805,3800,その他製品,スタンダード
7806,3800,その他製品,グロース
7807,3800,その他製品,スタンダード
7808,3800,その他製品,スタンダード
7809,3800,その他製品,スタンダード
7810,3800,その他製品,スタンダード
7811,3800,その他製品,スタンダード
7812,3800,その他製品,スタンダード
7813,3800,その他製品,スタンダード
7814,3800,その他製品,スタンダード
7815,3800,その他製品,スタンダード
7818,3800,その他製品,プライム
7819,3800,その他製品,スタンダード
7820,3800,その他製品,プライム
7821,3800,その他製品,プライム
7822,3800,その他製品,スタンダード
7823,3800,その他製品,スタンダード
7826,3800,その他製品,プライム
7827,3800,その他製品,スタンダード
7831,3800,その他製品,スタンダード
7832,3800,その他製品,プライム
7833,3800,その他製品,スタンダード
7836,3800,その他製品,スタンダード
7837,3800,その他製品,スタンダード
7839,3800,その他製品,プライム
7840,3800,その他製品,プライム
7841,3800,その他製品,スタンダード
7844,5250,情報・通信業,プライム
7846,3800,その他製品,プライム
7847,3800,その他製品,スタンダード
7849,5250,情報・通信業,スタンダード
7850,3800,その他製品,スタンダード
7851,3800,その他製品,スタンダード
7856,3800,その他製品,プライム
7857,3800,その他製品,スタンダード
7859,3800,その他製品,スタンダード
7860,5250,情報・通信業,プライム
7863,3800,その他製品,スタンダード
7864,3800,その他製品,プライム
7865,3800,その他製品,スタンダード
7867,3800,その他製品,プライム
7868,3800,その他製品,プライム
7871,3200,化学,スタンダード
7872,3800,その他製品,スタンダード
7874,3200,化学,プライム
7875,3800,その他製品,スタンダード
7877,3200,化学,スタンダード
7878,3800,その他製品,スタンダード
7879,3800,その他製品,スタンダード
7883,3800,その他製品,スタンダード
7885,3800,その他製品,スタンダード
7886,3200,化学,スタンダード
7887,3800,その他製品,スタンダード
7888,3200,化学,プライム
7893,3800,その他製品,プライム
7896,3800,その他製品,スタンダード
7897,3800,その他製品,スタンダード
7898,3800,その他製品,スタンダード
7901,3800,その他製品,スタンダード
7902,3800,その他製品,スタンダード
7906,3800,その他製品,スタンダード
7908,3200,化学,スタンダード
7911,3800,その他製品,プライム
7912,3800,その他製品,プライム
7914,3800,その他製品,プライム
7915,3800,その他製品,プライム
7916,3800,その他製品,スタンダード
7917,3200,化学,プライム
7918,6100,小売業,スタンダード
7919,3800,その他製品,スタンダード
7921,3800,その他製品,プライム
7927,3200,化学,スタンダード
7928,3200,化学,スタンダード
7931,3200,化学,プライム
7932,3800,その他製品,スタンダード
7936,3800,その他製品,プライム
7937,3800,その他製品,スタンダード
7938,3800,その他製品,スタンダード
7939,3800,その他製品,スタンダード
7942,3200,化学,プライム
7943,3400,ガラス・土石製品,プライム
7944,3800,その他製品,プライム
7946,3800,その他製品,スタンダード
7947,3200,化学,プライム
7949,3800,その他製品,プライム
7951,3800,その他製品,プライム
7952,3800,その他製品,プライム
7953,3800,その他製品,スタンダード
7955,3800,その他製品,プライム
7956,3800,その他製品,プライム
7957,3800,その他製品,スタンダード
7962,3800,その他製品,プライム
7963,3800,その他製品,スタンダード
7965,3650,電気機器,プライム
7966,3800,その他製品,プライム
7970,3200,化学,プライム
7971,3200,化学,スタンダード
7972,3800,その他製品,プライム
7974,3800,その他製品,プライム
7975,3800,その他製品,スタンダード
7976,3800,その他製品,プライム
7979,3750,精密機器,プライム
7980,3800,その他製品,スタンダード
7981,3800,その他製品,プライム
7983,3800,その他製品,スタンダード
7984,3800,その他製品,プライム
7985,3550,金属製品,スタンダード
7986,3800,その他製品,スタンダード
7987,3800,その他製品,スタンダード
7988,3200,化学,プライム
7989,3550,金属製品,プライム
7990,3800,その他製品,プライム
7991,3600,機械,スタンダード
7992,3800,その他製品,スタンダード
7994,3800,その他製品,プライム
7995,3200,化学,プライム
7997,3800,その他製品,スタンダード
8001,6050,卸売業,プライム
8002,6050,卸売業,プライム
8005,6100,小売業,プライム
8006,6050,卸売業,スタンダード
8007,6050,卸売業,プライム
8008,6100,小売業,プライム
8011,3100,繊維製品,プライム
8012,6050,卸売業,プライム
8013,3100,繊維製品,スタンダード
8014,6050,卸売業,プライム
8015,6050,卸売業,プライム
8016,3100,繊維製品,プライム
8018,6050,卸売業,スタンダード
8020,6050,卸売業,プライム
8022,3800,その他製品,プライム
8023,5250,情報・通信業,スタンダード
8025,6050,卸売業,スタンダード
8029,3100,繊維製品,スタンダード
8030,6050,卸売業,スタンダード
8031,6050,卸売業,プライム
8032,6050,卸売業,プライム
8035,3650,電気機器,プライム
8037,6050,卸売業,プライム
8039,6050,卸売業,スタンダード
8040,3100,繊維製品,スタンダード
8041,6050,卸売業,スタンダード
8043,6050,卸売業,プライム
8045,6050,卸売業,スタンダード
8046,6050,卸売業,スタンダード
8050,3750,精密機器,プライム
8051,6050,卸売業,プライム
8052,6050,卸売業,プライム
8053,6050,卸売業,プライム
8056,5250,情報・通信業,プライム
8057,6050,卸売業,プライム
8058,6050,卸売業,プライム
8059,6050,卸売業,プライム
8060,6050,卸売業,プライム
8061,6050,卸売業,プライム
8065,6050,卸売業,プライム
8066,6050,卸売業,スタンダード
8070,6050,卸売業,プライム
8074,6050,卸売業,プライム
8075,6050,卸売業,プライム
8076,6050,卸売業,スタンダード
8077,6050,卸売業,スタンダード
8078,6050,卸売業,プライム
8079,6050,卸売業,プライム
8081,6050,卸売業,プライム
8084,6050,卸売業,プライム
8085,6050,卸売業,スタンダード
8086,3750,精密機器,プライム
8088,6050,卸売業,プライム
8089,6050,卸売業,スタンダード
8091,6050,卸売業,プライム
8093,6050,卸売業,プライム
8095,6050,卸売業,プライム
8097,6050,卸売業,プライム
8098,6050,卸売業,プライム
8101,6050,卸売業,プライム
8103,6050,卸売業,プライム
8104,6050,卸売業,スタンダード
8105,6050,卸売業,スタンダード
8107,3100,繊維製品,スタンダード
8111,3100,繊維製品,プライム
8113,3200,化学,プライム
8115,6050,卸売業,スタンダード
8117,6050,卸売業,スタンダード
8118,3100,繊維製品,スタンダード
8119,6050,卸売業,スタンダード
8123,6050,卸売業,スタンダード
8125,6050,卸売業,プライム
8127,3100,繊維製品,スタンダード
8129,6050,卸売業,プライム
8130,6050,卸売業,プライム
8131,6050,卸売業,スタンダード
8132,6050,卸売業,プライム
8133,6050,卸売業,プライム
8135,6050,卸売業,スタンダード
8136,6050,卸売業,プライム
8137,6050,卸売業,プライム
8138,6050,卸売業,スタンダード
8139,6050,卸売業,スタンダード
8141,6050,卸売業,プライム
8142,6050,卸売業,プライム
8143,3100,繊維製品,スタンダード
8144,6050,卸売業,スタンダード
8147,6050,卸売業,スタンダード
8150,6050,卸売業,プライム
8151,6050,卸売業,プライム
8152,6050,卸売業,スタンダード
8153,6050,卸売業,プライム
8154,6050,卸売業,プライム
8157,5250,情報・通信業,プライム
8158,6050,卸売業,プライム
8159,6050,卸売業,プライム
8160,6100,小売業,プライム
8163,6100,小売業,プライム
8165,6100,小売業,スタンダード
8166,6100,小売業,スタンダード
8167,6100,小売業,プライム
8173,6100,小売業,プライム
8174,6100,小売業,プライム
8179,6100,小売業,プライム
8181,6100,小売業,スタンダード
8185,6100,小売業,プライム
8194,6100,小売業,プライム
8198,6100,小売業,スタンダード
8200,6100,小売業,プライム
8202,6100,小売業,スタンダード
8203,6100,小売業,プライム
8207,6100,小売業,スタンダード
8214,6100,小売業,プライム
8217,6100,小売業,プライム
8218,6100,小売業,プライム
8219,6100,小売業,プライム
8225,6050,卸売業,スタンダード
8226,6050,卸売業,スタンダード
8227,6100,小売業,プライム
8230,6100,小売業,スタンダード
8233,6100,小売業,プライム
8237,6100,小売業,プライム
8242,6100,小売業,プライム
8244,6100,小売業,スタンダード
8247,6100,小売業,スタンダード
8252,6100,小売業,プライム
8253,7200,その他金融業,プライム
8254,6100,小売業,スタンダード
8255,6100,小売業,プライム
8260,6100,小売業,スタンダード
8267,6100,小売業,プライム
8273,6100,小売業,プライム
8275,6050,卸売業,スタンダード
8276,6100,小売業,プライム
8278,6100,小売業,プライム
8281,6100,小売業,プライム
8282,6100,小売業,プライム
8283,6050,卸売業,プライム
8285,6050,卸売業,スタンダード
8291,6100,小売業,スタンダード
8303,7050,銀行業,プライム
8304,7050,銀行業,プライム
8306,7050,銀行業,プライム
8308,7050,銀行業,プライム
8309,7050,銀行業,プライム
8316,7050,銀行業,プライム
8331,7050,銀行業,プライム
8334,7050,銀行業,プライム
8336,7050,銀行業,プライム
8337,7050,銀行業,プライム
8338,7050,銀行業,プライム
8341,7050,銀行業,プライム
8343,7050,銀行業,プライム
8344,7050,銀行業,プライム
8345,7050,銀行業,プライム
8346,7050,銀行業,プライム
8349,7050,銀行業,スタンダード
8354,7050,銀行業,プライム
8358,7050,銀行業,プライム
8359,7050,銀行業,プライム
8360,7050,銀行業,プライム
8361,7050,銀行業,プライム
8362,7050,銀行業,プライム
8364,7050,銀行業,プライム
8365,7050,銀行業,スタンダード
8366,7050,銀行業,プライム
8367,7050,銀行業,プライム
8368,7050,銀行業,プライム
8370,7050,銀行業,プライム
8377,7050,銀行業,プライム
8381,7050,銀行業,プライム
8383,7050,銀行業,スタンダード
8386,7050,銀行業,プライム
8387,7050,銀行業,プライム
8388,7050,銀行業,プライム
8392,7050,銀行業,プライム
8393,7050,銀行業,プライム
8395,7050,銀行業,プライム
8399,7050,銀行業,プライム
8410,7050,銀行業,プライム
8411,7050,銀行業,プライム
8416,7050,銀行業,スタンダード
8418,7050,銀行業,プライム
8424,7200,その他金融業,プライム
8425,7200,その他金融業,プライム
8439,7200,その他金融業,プライム
8473,7100,証券、商品先物取引業,プライム
8508,7200,その他金融業,スタンダード
8511,7200,その他金融業,プライム
8518,7100,証券、商品先物取引業,スタンダード
8522,7050,銀行業,プライム
8524,7050,銀行業,プライム
8537,7050,銀行業,スタンダード
8541,7050,銀行業,プライム
8542,7050,銀行業,スタンダード
8544,7050,銀行業,プライム
8550,7050,銀行業,プライム
8551,7050,銀行業,プライム
8558,7050,銀行業,プライム
8562,7050,銀行業,スタンダード
8563,7050,銀行業,スタンダード
8566,7200,その他金融業,プライム
8570,7200,その他金融業,プライム
8572,7200,その他金融業,スタンダード
8584,7200,その他金融業,プライム
8585,7200,その他金融業,プライム
8591,7200,その他金融業,プライム
8593,7200,その他金融業,プライム
8595,7100,証券、商品先物取引業,プライム
8596,7200,その他金融業,スタンダード
8600,7050,銀行業,プライム
8601,7100,証券、商品先物取引業,プライム
8604,7100,証券、商品先物取引業,プライム
8609,7100,証券、商品先物取引業,プライム
8613,7100,証券、商品先物取引業,プライム
8614,7100,証券、商品先物取引業,プライム
8616,7100,証券、商品先物取引業,プライム
8617,7100,証券、商品先物取引業,スタンダード
8622,7100,証券、商品先物取引業,プライム
8624,7100,証券、商品先物取引業,プライム
8628,7100,証券、商品先物取引業,プライム
8630,7150,保険業,プライム
8697,7200,その他金融業,プライム
8698,7100,証券、商品先物取引業,プライム
8699,7100,証券、商品先物取引業,スタンダード
8700,7100,証券、商品先物取引業,スタンダード
8704,7100,証券、商品先物取引業,スタンダード
8705,7100,証券、商品先物取引業,スタンダード
8706,7100,証券、商品先物取引業,プライム
8707,7100,証券、商品先物取引業,プライム
8708,7100,証券、商品先物取引業,プライム
8713,7050,銀行業,プライム
8714,7050,銀行業,プライム
8715,7150,保険業,プライム
8725,7150,保険業,プライム
8729,7150,保険業,プライム
8737,7100,証券、商品先物取引業,スタンダード
8739,7100,証券、商品先物取引業,プライム
8742,7100,証券、商品先物取引業,スタンダード
8746,7100,証券、商品先物取引業,スタンダード
8747,7100,証券、商品先物取引業,スタンダード
8750,7150,保険業,プライム
8766,7150,保険業,プライム
8769,9050,サービス業,スタンダード
8771,7200,その他金融業,プライム
8772,7200,その他金融業,スタンダード
8783,7200,その他金融業,スタンダード
8789,7200,その他金融業,スタンダード
8793,7200,その他金融業,プライム
8795,7150,保険業,プライム
8798,7150,保険業,プライム
8801,8050,不動産業,プライム
8802,8050,不動産業,プライム
8803,8050,不動産業,プライム
8804,8050,不動産業,プライム
8818,8050,不動産業,プライム
8830,8050,不動産業,プライム
8835,6050,卸売業,スタンダード
8836,8050,不動産業,スタンダード
8841,8050,不動産業,スタンダード
8844,8050,不動産業,スタンダード
8848,8050,不動産業,プライム
8850,8050,不動産業,プライム
8860,8050,不動産業,プライム
8864,8050,不動産業,スタンダード
8869,8050,不動産業,スタンダード
8871,8050,不動産業,スタンダード
8876,9050,サービス業,プライム
8877,8050,不動産業,プライム
8881,8050,不動産業,プライム
8887,8050,不動産業,スタンダード
8891,8050,不動産業,スタンダード
8892,8050,不動産業,プライム
8894,8050,不動産業,スタンダード
8897,8050,不動産業,プライム
8898,8050,不動産業,スタンダード
8904,8050,不動産業,スタンダード
8908,8050,不動産業,スタンダード
8912,8050,不動産業,スタンダード
8914,8050,不動産業,スタンダード
8917,8050,不動産業,スタンダード
8918,8050,不動産業,スタンダード
8919,8050,不動産業,プライム
8920,9050,サービス業,スタンダード
8923,8050,不動産業,プライム
8927,8050,不動産業,スタンダード
8928,8050,不動産業,スタンダード
8929,8050,不動産業,スタンダード
8931,8050,不動産業,スタンダード
8934,8050,不動産業,プライム
8935,8050,不動産業,プライム
8938,8050,不動産業,グロース
8944,8050,不動産業,スタンダード
8945,8050,不動産業,スタンダード
8946,8050,不動産業,スタンダード
8995,8050,不動産業,スタンダード
8996,8050,不動産業,スタンダード
8999,8050,不動産業,プライム
9001,5050,陸運業,プライム
9003,5050,陸運業,プライム
9005,5050,陸運業,プライム
9006,5050,陸運業,プライム
9007,5050,陸運業,プライム
9008,5050,陸運業,プライム
9009,5050,陸運業,プライム
9010,5050,陸運業,プライム
9012,5050,陸運業,スタンダード
9017,5050,陸運業,スタンダード
9020,5050,陸運業,プライム
9021,5050,陸運業,プライム
9022,5050,陸運業,プライム
9023,5050,陸運業,プライム
9024,5050,陸運業,プライム
9025,5050,陸運業,プライム
9028,5050,陸運業,スタンダード
9029,5050,陸運業,スタンダード
9031,5050,陸運業,プライム
9033,5050,陸運業,スタンダード
9034,5050,陸運業,スタンダード
9036,5050,陸運業,スタンダード
9037,5050,陸運業,プライム
9039,5050,陸運業,プライム
9041,5050,陸運業,プライム
9042,5050,陸運業,プライム
9044,5050,陸運業,プライム
9045,5050,陸運業,プライム
9046,5050,陸運業,スタンダード
9048,5050,陸運業,プライム
9049,5050,陸運業,スタンダード
9051,5050,陸運業,スタンダード
9052,5050,陸運業,プライム
9057,5050,陸運業,スタンダード
9059,5050,陸運業,スタンダード
9060,5050,陸運業,スタンダード
9063,5050,陸運業,スタンダード
9064,5050,陸運業,プライム
9065,5050,陸運業,プライム
9068,5050,陸運業,プライム
9069,5050,陸運業,プライム
9072,5050,陸運業,プライム
9073,5050,陸運業,スタンダード
9074,5050,陸運業,スタンダード
9075,5050,陸運業,プライム
9076,5050,陸運業,プライム
9081,5050,陸運業,プライム
9082,5050,陸運業,スタンダード
9083,5050,陸運業,スタンダード
9087,5050,陸運業,スタンダード
9090,5050,陸運業,プライム
9101,5100,海運業,プライム
9104,5100,海運業,プライム
9107,5100,海運業,プライム
9110,5100,海運業,プライム
9115,5100,海運業,スタンダード
9119,5100,海運業,プライム
9127,5100,海運業,スタンダード
9130,5100,海運業,スタンダード
9142,5050,陸運業,プライム
9143,5050,陸運業,プライム
9145,5050,陸運業,スタンダード
9147,5050,陸運業,プライム
9158,9050,サービス業,グロース
9159,9050,サービス業,グロース
9160,9050,サービス業,スタンダード
9162,9050,サービス業,グロース
9163,9050,サービス業,グロース
9165,9050,サービス業,グロース
9166,9050,サービス業,グロース
9168,9050,サービス業,グロース
9171,5100,海運業,スタンダード
9173,5100,海運業,スタンダード
9193,5200,倉庫・運輸関連業,スタンダード
9201,5150,空運業,プライム
9202,5150,空運業,プライム
9204,5150,空運業,グロース
9206,5150,空運業,スタンダード
9211,9050,サービス業,グロース
9212,9050,サービス業,グロース
9213,9050,サービス業,スタンダード
9214,9050,サービス業,グロース
9215,9050,サービス業,グロース
9216,9050,サービス業,プライム
9218,9050,サービス業,グロース
9219,9050,サービス業,グロース
9220,9050,サービス業,スタンダード
9221,9050,サービス業,スタンダード
9223,9050,サービス業,グロース
9225,9050,サービス業,グロース
9227,9050,サービス業,グロース
9229,9050,サービス業,プライム
9233,5150,空運業,スタンダード
9235,9050,サービス業,グロース
9236,9050,サービス業,グロース
9237,9050,サービス業,グロース
9238,9050,サービス業,グロース
9240,9050,サービス業,グロース
9241,9050,サービス業,グロース
9242,9050,サービス業,グロース
9244,9050,サービス業,グロース
9245,9050,サービス業,グロース
9246,9050,サービス業,グロース
9247,9050,サービス業,プライム
9248,9050,サービス業,スタンダード
9249,9050,サービス業,スタンダード
9250,9050,サービス業,グロース
9251,9050,サービス業,グロース
9252,9050,サービス業,グロース
9253,9050,サービス業,グロース
9254,9050,サービス業,グロース
9256,9050,サービス業,グロース
9258,9050,サービス業,グロース
9259,9050,サービス業,グロース
9262,6100,小売業,スタンダード
9264,6050,卸売業,スタンダード
9265,6050,卸売業,スタンダード
9267,6100,小売業,プライム
9268,6050,卸売業,スタンダード
9270,6050,卸売業,グロース
9271,6100,小売業,グロース
9272,9050,サービス業,グロース
9273,6050,卸売業,プライム
9274,6050,卸売業,プライム
9278,6100,小売業,プライム
9279,6100,小売業,プライム
9301,5200,倉庫・運輸関連業,プライム
9302,5200,倉庫・運輸関連業,プライム
9303,5200,倉庫・運輸関連業,プライム
9304,5200,倉庫・運輸関連業,プライム
9305,6050,卸売業,プライム
9306,5200,倉庫・運輸関連業,スタンダード
9307,5200,倉庫・運輸関連業,スタンダード
9308,5100,海運業,スタンダード
9310,5200,倉庫・運輸関連業,プライム
9311,5200,倉庫・運輸関連業,スタンダード
9312,5200,倉庫・運輸関連業,スタンダード
9313,5200,倉庫・運輸関連業,スタンダード
9319,5200,倉庫・運輸関連業,プライム
9322,5200,倉庫・運輸関連業,スタンダード
9324,5200,倉庫・運輸関連業,プライム
9325,5200,倉庫・運輸関連業,スタンダード
9326,5200,倉庫・運輸関連業,グロース
9327,5200,倉庫・運輸関連業,スタンダード
9330,9050,サービス業,グロース
9331,9050,サービス業,グロース
9332,9050,サービス業,プライム
9336,9050,サービス業,プライム
9337,9050,サービス業,グロース
9339,9050,サービス業,スタンダード
9340,9050,サービス業,スタンダード
9341,9050,サービス業,プライム
9342,9050,サービス業,グロース
9343,9050,サービス業,グロース
9344,9050,サービス業,グロース
9345,9050,サービス業,グロース
9346,9050,サービス業,グロース
9347,9050,サービス業,プライム
9348,9050,サービス業,グロース
9351,5200,倉庫・運輸関連業,スタンダード
9353,5200,倉庫・運輸関連業,スタンダード
9355,5200,倉庫・運輸関連業,スタンダード
9360,5250,情報・通信業,スタンダード
9361,5200,倉庫・運輸関連業,スタンダード
9362,5200,倉庫・運輸関連業,スタンダード
9363,5200,倉庫・運輸関連業,スタンダード
9364,5200,倉庫・運輸関連業,プライム
9365,5200,倉庫・運輸関連業,スタンダード
9366,5200,倉庫・運輸関連業,スタンダード
9367,5200,倉庫・運輸関連業,スタンダード
9368,5200,倉庫・運輸関連業,スタンダード
9369,5200,倉庫・運輸関連業,スタンダード
9376,9050,サービス業,スタンダード
9380,5200,倉庫・運輸関連業,スタンダード
9381,5200,倉庫・運輸関連業,プライム
9385,3200,化学,スタンダード
9401,5250,情報・通信業,プライム
9404,5250,情報・通信業,プライム
9405,5250,情報・通信業,プライム
9408,5250,情報・通信業,スタンダード
9409,5250,情報・通信業,プライム
9412,5250,情報・通信業,プライム
9413,5250,情報・通信業,プライム
9414,5250,情報・通信業,スタンダード
9416,5250,情報・通信業,プライム
9417,5250,情報・通信業,スタンダード
9418,5250,情報・通信業,プライム
9419,5250,情報・通信業,スタンダード
9421,5250,情報・通信業,スタンダード
9423,5250,情報・通信業,スタンダード
9424,5250,情報・通信業,プライム
9425,5250,情報・通信業,スタンダード
9428,5250,情報・通信業,スタンダード
9432,5250,情報・通信業,プライム
9433,5250,情報・通信業,プライム
9434,5250,情報・通信業,プライム
9435,5250,情報・通信業,プライム
9436,5250,情報・通信業,スタンダード
9438,5250,情報・通信業,プライム
9439,9050,サービス業,スタンダード
9441,5250,情報・通信業,スタンダード
9444,5250,情報・通信業,スタンダード
9445,5250,情報・通信業,スタンダード
9446,5250,情報・通信業,スタンダード
9449,5250,情報・通信業,プライム
9450,5250,情報・通信業,スタンダード
9466,5250,情報・通信業,スタンダード
9467,5250,情報・通信業,グロース
9468,5250,情報・通信業,プライム
9470,5250,情報・通信業,プライム
9474,5250,情報・通信業,プライム
9475,5250,情報・通信業,スタンダード
9476,5250,情報・通信業,スタンダード
9478,5250,情報・通信業,スタンダード
9501,4050,電気・ガス業,プライム
9502,4050,電気・ガス業,プライム
9503,4050,電気・ガス業,プライム
9504,4050,電気・ガス業,プライム
9505,4050,電気・ガス業,プライム
9506,4050,電気・ガス業,プライム
9507,4050,電気・ガス業,プライム
9508,4050,電気・ガス業,プライム
9509,4050,電気・ガス業,プライム
9511,4050,電気・ガス業,プライム
9513,4050,電気・ガス業,プライム
9514,4050,電気・ガス業,スタンダード
9517,4050,電気・ガス業,プライム
9519,4050,電気・ガス業,プライム
9531,4050,電気・ガス業,プライム
9532,4050,電気・ガス業,プライム
9533,4050,電気・ガス業,プライム
9534,4050,電気・ガス業,プライム
9535,4050,電気・ガス業,プライム
9536,4050,電気・ガス業,プライム
9537,4050,電気・ガス業,スタンダード
9539,4050,電気・ガス業,スタンダード
9543,4050,電気・ガス業,プライム
9551,4050,電気・ガス業,プライム
9552,9050,サービス業,プライム
9553,9050,サービス業,グロース
9554,9050,サービス業,グロース
9556,9050,サービス業,グロース
9557,9050,サービス業,グロース
9558,9050,サービス業,グロース
9560,9050,サービス業,グロース
9561,9050,サービス業,グロース
9562,9050,サービス業,グロース
9563,9050,サービス業,グロース
9564,9050,サービス業,スタンダード
9565,9050,サービス業,グロース
9601,5250,情報・通信業,プライム
9602,5250,情報・通信業,プライム
9603,9050,サービス業,プライム
9605,5250,情報・通信業,プライム
9610,9050,サービス業,スタンダード
9612,9050,サービス業,プライム
9616,9050,サービス業,プライム
9619,9050,サービス業,プライム
9621,9050,サービス業,プライム
9622,9050,サービス業,プライム
9625,9050,サービス業,スタンダード
9627,6100,小売業,プライム
9628,9050,サービス業,プライム
9629,5250,情報・通信業,プライム
9632,9050,サービス業,スタンダード
9633,8050,不動産業,スタンダード
9635,9050,サービス業,スタンダード
9636,9050,サービス業,スタンダード
9639,9050,サービス業,スタンダード
9640,5250,情報・通信業,スタンダード
9644,9050,サービス業,プライム
9647,9050,サービス業,スタンダード
9651,5250,情報・通信業,スタンダード
9656,9050,サービス業,スタンダード
9658,5250,情報・通信業,プライム
9661,9050,サービス業,スタンダード
9663,9050,サービス業,プライム
9672,9050,サービス業,プライム
9678,9050,サービス業,プライム
9679,9050,サービス業,スタンダード
9682,5250,情報・通信業,プライム
9684,5250,情報・通信業,プライム
9685,5250,情報・通信業,スタンダード
9686,9050,サービス業,スタンダード
9687,5250,情報・通信業,スタンダード
9691,5250,情報・通信業,スタンダード
9692,5250,情報・通信業,プライム
9697,5250,情報・通信業,プライム
9698,5250,情報・通信業,スタンダード
9699,9050,サービス業,プライム
9701,9050,サービス業,スタンダード
9702,5250,情報・通信業,プライム
9704,9050,サービス業,スタンダード
9706,8050,不動産業,プライム
9708,9050,サービス業,スタンダード
9709,5250,情報・通信業,スタンダード
9713,9050,サービス業,スタンダード
9715,9050,サービス業,プライム
9716,9050,サービス業,プライム
9720,9050,サービス業,スタンダード
9722,9050,サービス業,プライム
9723,9050,サービス業,スタンダード
9726,9050,サービス業,スタンダード
9729,9050,サービス業,プライム
9731,9050,サービス業,スタンダード
9733,9050,サービス業,スタンダード
9735,9050,サービス業,プライム
9739,5250,情報・通信業,プライム
9740,9050,サービス業,プライム
9742,5250,情報・通信業,プライム
9743,9050,サービス業,プライム
9744,9050,サービス業,プライム
9746,5250,情報・通信業,プライム
9753,5250,情報・通信業,スタンダード
9755,9050,サービス業,プライム
9757,9050,サービス業,プライム
9759,5250,情報・通信業,プライム
9760,9050,サービス業,スタンダード
9761,9050,サービス業,スタンダード
9763,6050,卸売業,スタンダード
9765,9050,サービス業,プライム
9766,5250,情報・通信業,プライム
9767,9050,サービス業,スタンダード
9768,9050,サービス業,スタンダード
9769,9050,サービス業,プライム
9778,9050,サービス業,スタンダード
9780,9050,サービス業,スタンダード
9782,9050,サービス業,スタンダード
9788,9050,サービス業,プライム
9790,5250,情報・通信業,プライム
9791,9050,サービス業,スタンダード
9793,9050,サービス業,プライム
9795,9050,サービス業,プライム
9799,5250,情報・通信業,スタンダード
9812,6100,小売業,スタンダード
9816,8050,不動産業,スタンダード
9818,6050,卸売業,スタンダード
9820,8050,不動産業,スタンダード
9823,6100,小売業,スタンダード
9824,6050,卸売業,プライム
9827,6050,卸売業,スタンダード
9828,6100,小売業,スタンダード
9830,6050,卸売業,プライム
9831,6100,小売業,プライム
9832,6050,卸売業,プライム
9835,6100,小売業,スタンダード
9837,6050,卸売業,プライム
9842,6100,小売業,プライム
9843,6100,小売業,プライム
9845,3200,化学,スタンダード
9846,6100,小売業,スタンダード
9849,6050,卸売業,スタンダード
9850,6100,小売業,プライム
9853,6100,小売業,スタンダード
9854,6100,小売業,スタンダード
9856,6100,小売業,スタンダード
9857,6050,卸売業,スタンダード
9861,6100,小売業,プライム
9867,6050,卸売業,スタンダード
9869,6050,卸売業,プライム
9872,6050,卸売業,スタンダード
9876,6100,小売業,スタンダード
9878,6100,小売業,スタンダード
9880,3650,電気機器,プライム
9882,6050,卸売業,プライム
9885,6050,卸売業,スタンダード
9887,6100,小売業,プライム
9888,6050,卸売業,スタンダード
9889,5250,情報・通信業,プライム
9890,6100,小売業,スタンダード
9895,6050,卸売業,スタンダード
9896,6050,卸売業,スタンダード
9900,6100,小売業,プライム
9902,6050,卸売業,プライム
9903,6100,小売業,スタンダード
9904,6100,小売業,スタンダード
9906,6050,卸売業,スタンダード
9908,6050,卸売業,スタンダード
9913,6050,卸売業,スタンダード
9914,6050,卸売業,スタンダード
9928,5250,情報・通信業,プライム
9929,6050,卸売業,スタンダード
9930,6050,卸売業,スタンダード
9932,6050,卸売業,プライム
9934,6050,卸売業,プライム
9936,6100,小売業,プライム
9941,6050,卸売業,スタンダード
9946,6100,小売業,プライム
9948,6100,小売業,プライム
9950,6100,小売業,スタンダード
9955,6050,卸売業,スタンダード
9956,6100,小売業,プライム
9959,6100,小売業,スタンダード
9960,6050,卸売業,プライム
9962,6050,卸売業,プライム
9969,6100,小売業,スタンダード
9972,6050,卸売業,スタンダード
9973,6100,小売業,スタンダード
9974,6100,小売業,プライム
9976,6100,小売業,スタンダード
9978,6100,小売業,スタンダード
9979,6100,小売業,スタンダード
9980,6100,小売業,スタンダード
9982,6050,卸売業,スタンダード
9983,6100,小売業,プライム
9984,5250,情報・通信業,プライム
9986,6050,卸売業,スタンダード
9987,6050,卸売業,プライム
9989,6100,小売業,プライム
9990,6100,小売業,プライム
9991,6050,卸売業,プライム
9993,6100,小売業,スタンダード
9994,6100,小売業,スタンダード
9996,6050,卸売業,スタンダード
9997,6100,小売業,プライム
